artist_names,track_name,peak_rank,weeks_on_chart,danceability,energy,key,loudness,mode,speechiness,acousticness,instrumentalness,liveness,tempo,time_signature,duration_ms
Glass Animals,Heat Waves,1,65,0.761,0.525,11,-6.9,1,0.0944,0.44,6.70E-06,0.0921,80.87,four,238805
"The Kid LAROI, Justin Bieber",STAY (with Justin Bieber),1,37,0.591,0.764,1,-5.484,1,0.0483,0.0383,0,0.103,169.928,four,141806
Anitta,Envolver,3,3,0.812,0.736,4,-5.421,0,0.0833,0.152,0.00254,0.0914,91.993,four,193806
"Imagine Dragons, JID, Arcane, League of Legends",Enemy (with JID) - from the series Arcane League of Legends,3,21,0.728,0.783,11,-4.424,0,0.266,0.237,0,0.434,77.011,four,173381
GAYLE,abcdefu,1,19,0.695,0.54,4,-5.692,1,0.0493,0.299,0,0.367,121.932,four,168602
"Elton John, Dua Lipa, PNAU",Cold Heart - PNAU Remix,4,32,0.795,0.8,1,-6.32,1,0.0309,0.0354,7.25E-05,0.0915,116.032,four,202735
"Becky G, KAROL G",MAMIII,5,6,0.843,0.7,4,-3.563,0,0.0803,0.0934,0,0.14,93.991,four,226088
"Lil Nas X, Jack Harlow",INDUSTRY BABY (feat. Jack Harlow),2,35,0.741,0.691,10,-7.395,0,0.0672,0.0221,0,0.0476,150.087,four,212353
"Rauw Alejandro, Chencho Corleone",Desesperados,8,15,0.869,0.694,1,-3.35,0,0.0783,0.356,0.00125,0.0878,90.02,four,224997
Ed Sheeran,Shivers,4,28,0.788,0.859,2,-2.724,1,0.0856,0.281,0,0.0424,141.02,four,207853
Doja Cat,Woman,6,37,0.824,0.764,5,-4.175,0,0.0854,0.0888,0.00294,0.117,107.998,four,172627
Adele,Easy On Me,1,23,0.604,0.366,5,-7.519,1,0.0282,0.578,0,0.133,141.981,four,224695
Justin Bieber,Ghost,11,27,0.601,0.741,2,-5.569,1,0.0478,0.185,2.91E-05,0.415,153.96,four,153190
"Camila Cabello, Ed Sheeran",Bam Bam (feat. Ed Sheeran),13,3,0.756,0.697,8,-6.377,1,0.0401,0.182,0,0.333,94.996,four,206071
Elley Duhé,MIDDLE OF THE NIGHT,14,13,0.41,0.611,4,-8.271,0,0.0467,0.0228,0,0.116,185.727,three,184448
Cris Mj,Una Noche en Medellín,16,4,0.87,0.548,10,-5.253,0,0.077,0.0924,4.60E-05,0.0534,96.018,four,153750
Lil Nas X,THATS WHAT I WANT,3,27,0.737,0.846,1,-4.51,0,0.22,0.00614,0,0.0486,87.981,four,143901
"Lost Frequencies, Calum Scott",Where Are You Now,18,29,0.671,0.636,6,-8.117,0,0.103,0.515,0.000411,0.172,120.966,four,148197
Dove Cameron,Boyfriend,11,6,0.345,0.612,7,-6.543,0,0.0608,0.232,0,0.194,179.773,three,153000
Ed Sheeran,Bad Habits,3,39,0.807,0.893,11,-3.745,0,0.0347,0.0451,2.79E-05,0.366,126.011,four,230747
Jaymes Young,Infinity,11,21,0.671,0.673,11,-6.941,0,0.0444,0.148,5.29E-05,0.304,121.963,four,237720
Farruko,Pepas,4,37,0.762,0.766,7,-3.955,1,0.0343,0.00776,6.98E-05,0.128,130.001,four,287120
"Tiësto, Ava Max",The Motto,23,20,0.754,0.763,7,-4.627,0,0.0435,0.0301,2.23E-05,0.0901,117.953,four,164819
Olivia Rodrigo,good 4 u,1,45,0.563,0.664,9,-5.044,1,0.154,0.335,0,0.0849,166.928,four,178147
"Coldplay, BTS",My Universe,3,26,0.573,0.711,1,-6.268,0,0.0406,0.0114,0,0.328,105.006,four,226198
The Walters,I Love You So,21,24,0.575,0.648,10,-4.891,1,0.0358,0.583,0,0.115,75.977,four,160240
The Weeknd,Blinding Lights,1,121,0.514,0.73,1,-5.934,1,0.0598,0.00146,9.54E-05,0.0897,171.005,four,200040
"Tainy, Bad Bunny, Julieta Venegas",Lo Siento BB:/ (with Bad Bunny & Julieta Venegas),12,25,0.639,0.703,4,-6.33,0,0.0794,0.0889,1.78E-06,0.0865,169.888,four,207301
"Megan Thee Stallion, Dua Lipa",Sweetest Pie,17,2,0.814,0.628,7,-7.178,1,0.221,0.167,0,0.101,123.977,four,201334
Nirvana,Something In The Way,19,3,0.426,0.225,8,-12.422,1,0.0291,0.823,0.367,0.11,104.506,four,232204
Tom Odell,Another Love,31,50,0.442,0.538,4,-8.55,0,0.0451,0.717,2.95E-05,0.09,122.758,four,244360
"ACRAZE, Cherish",Do It To It,9,21,0.854,0.806,11,-8.262,0,0.0886,0.0209,0.0542,0.0703,124.927,four,157890
The Neighbourhood,Sweater Weather,29,82,0.612,0.807,10,-2.81,1,0.0336,0.0495,0.0177,0.101,124.053,four,240400
Bad Bunny,Yonaguni,3,42,0.644,0.648,1,-4.601,1,0.118,0.276,0,0.135,179.951,four,206710
Doja Cat,Need to Know,6,41,0.664,0.609,1,-6.509,1,0.0707,0.304,0,0.0926,130.041,four,210560
Ruth B.,Dandelions,35,32,0.609,0.692,1,-2.958,1,0.0259,0.0157,0,0.0864,116.959,three,233720
"Carolina Gaitán - La Gaita, Mauro Castillo, Adassa, Rhenzy Feliz, Diane Guerrero, Stephanie Beatriz, Encanto - Cast",We Don't Talk About Bruno,8,13,0.577,0.45,0,-8.516,0,0.0834,0.357,0,0.111,205.863,four,216120
"Doja Cat, SZA",Kiss Me More (feat. SZA),3,50,0.764,0.705,8,-3.463,1,0.0284,0.259,8.92E-05,0.12,110.97,four,208667
Stray Kids,MANIAC,39,1,0.744,0.8,1,-2.63,1,0.266,0.181,0,0.0746,89.925,four,182758
Charlie Puth,Light Switch,19,9,0.69,0.626,6,-5.693,1,0.306,0.105,0.000335,0.0881,184.009,four,185681
"Dua Lipa, DaBaby",Levitating (feat. DaBaby),4,77,0.702,0.825,6,-3.787,0,0.0601,0.00883,0,0.0674,102.977,four,203064
Olivia Rodrigo,traitor,7,44,0.38,0.339,3,-7.885,1,0.0338,0.691,0,0.12,100.607,four,229227
"The Weeknd, Ariana Grande",Save Your Tears (Remix) (with Ariana Grande) - Bonus Track,5,48,0.65,0.825,0,-4.645,1,0.0325,0.0215,2.44E-05,0.0936,118.091,four,191014
ROSALÍA,CANDY,44,1,0.638,0.49,4,-5.726,0,0.226,0.885,0.0116,0.156,179.905,four,193480
Dave,Starlight,45,3,0.954,0.367,4,-9.551,0,0.288,0.341,5.48E-06,0.0979,124.026,four,211935
The Neighbourhood,Softcore,35,11,0.575,0.568,9,-5.509,0,0.03,0.0484,0.000417,0.286,93.986,four,206280
Lil Nas X,MONTERO (Call Me By Your Name),1,52,0.593,0.503,8,-6.725,0,0.22,0.293,0,0.405,178.781,four,137704
"PEDRO SAMPAIO, Mc Pedrinho",DANÇARINA,32,5,0.778,0.571,9,-4.776,0,0.0788,0.0423,0,0.0964,134.999,four,110222
Eminem,Without Me,31,26,0.908,0.669,7,-2.827,1,0.0738,0.00286,0,0.237,112.238,four,290320
"Blessd, Justin Quiles, Lenny Tavárez",Medallo,48,18,0.787,0.7,4,-4.598,0,0.0768,0.568,0.00051,0.663,90.02,four,233453
BTS,Butter,2,44,0.759,0.459,8,-5.187,1,0.0948,0.00323,0,0.0906,109.997,four,164442
Labrinth,Mount Everest,36,7,0.494,0.428,0,-7.239,0,0.205,0.236,0.0698,0.0816,87.724,four,157497
Ryan Castro,Jordan,53,4,0.796,0.68,10,-5.555,0,0.37,0.0575,0.000683,0.103,179.923,four,176143
The Weeknd,Save Your Tears,2,68,0.68,0.826,0,-5.487,1,0.0309,0.0212,1.24E-05,0.543,118.051,four,215627
Olivia Rodrigo,drivers license,1,63,0.561,0.431,10,-8.81,1,0.0578,0.768,1.42E-05,0.106,143.875,four,242013
"ROSALÍA, The Weeknd",LA FAMA (with The Weeknd),32,15,0.766,0.295,0,-7.893,0,0.0464,0.947,4.44E-05,0.119,136.016,four,188107
Arctic Monkeys,505,57,12,0.52,0.852,0,-5.866,1,0.0543,0.00237,5.79E-05,0.0733,140.267,four,253587
"La Pantera, Quevedo, Juseph, Abhir Hathi, Bejo, Cruz Cafuné, EL IMA","Cayó La Noche (feat. Cruz Cafuné, Abhir Hathi, Bejo, EL IMA) [Remix]",58,8,0.672,0.745,5,-5.269,0,0.3,0.438,9.29E-06,0.0699,173.974,four,413111
"Bad Bunny, Jhay Cortez",DÁKITI,1,73,0.731,0.573,4,-10.059,0,0.0544,0.401,5.22E-05,0.113,109.928,four,205090
Sebastian Yatra,Tacones Rojos,45,18,0.746,0.844,11,-3.499,0,0.0359,0.062,0,0.149,123.014,four,189333
Demi Lovato,Cool for the Summer,61,1,0.583,0.61,5,-5.639,0,0.0382,0.00425,0.000105,0.14,114.06,four,214740
"zzoilo, Aitana",Mon Amour - Remix,34,29,0.748,0.761,2,-6.621,1,0.102,0.122,6.56E-06,0.0984,116.041,four,179940
Imagine Dragons,Bones,63,2,0.773,0.742,5,-3.678,0,0.046,0.0206,0,0.0754,114.071,four,165265
Zion & Lennox,Yo Voy (feat. Daddy Yankee),63,5,0.808,0.697,10,-5.899,1,0.241,0.041,0,0.0546,95.06,four,232020
UZI,ARASAN DA,65,1,0.742,0.832,10,-6.812,1,0.156,0.425,0.242,0.108,105.978,four,191710
Billie Eilish,Happier Than Ever,6,34,0.332,0.225,0,-8.697,1,0.0348,0.767,0.00349,0.128,81.055,three,298899
Tate McRae,she's all i wanna be,38,7,0.614,0.644,2,-5.372,0,0.0426,0.0134,7.07E-06,0.117,160.036,four,206772
Måneskin,Beggin',1,42,0.714,0.8,11,-4.808,0,0.0504,0.127,0,0.359,134.002,four,211560
BoyWithUke,Toxic,23,23,0.594,0.612,8,-6.627,0,0.363,0.835,0,0.461,179.629,four,168020
CKay,love nwantiti (ah ah ah),9,28,0.727,0.739,8,-3.805,1,0.0411,0.365,0.00137,0.161,93.005,four,145800
"Machine Gun Kelly, Bring Me The Horizon",maybe (feat. Bring Me The Horizon),72,1,0.522,0.922,5,-4.805,0,0.0616,0.000745,0,0.0976,176.105,four,170134
Harry Styles,Watermelon Sugar,4,123,0.548,0.816,0,-4.209,1,0.0465,0.122,0,0.335,95.39,four,174000
"BoyWithUke, blackbear",IDGAF (with blackbear),74,1,0.783,0.75,5,-5.762,1,0.078,0.426,0,0.241,97.953,four,140665
Eden Muñoz,Chale,75,3,0.551,0.436,8,-8.029,1,0.0428,0.395,0,0.0719,188.651,three,170745
Frank Ocean,Lost,50,10,0.913,0.603,8,-4.892,1,0.226,0.0272,0.000503,0.167,123.061,four,234093
Juice WRLD,Sometimes,77,1,0.674,0.58,8,-4.866,1,0.0311,0.0609,0,0.159,121.987,four,259672
Tulus,Hati-Hati di Jalan,45,3,0.643,0.436,6,-11.322,1,0.0357,0.702,0.0889,0.115,71.969,four,242000
Em Beihold,Numb Little Bug,69,8,0.742,0.527,8,-6.892,0,0.0769,0.327,0,0.25,84.974,four,169238
Eminem,The Real Slim Shady,51,42,0.949,0.661,5,-4.244,0,0.0572,0.0302,0,0.0454,104.504,four,284200
Bad Bunny,A Tu Merced,52,19,0.86,0.791,0,-4.784,1,0.0568,0.169,0.000106,0.106,92.023,four,175918
ROSALÍA,SAOKO,80,2,0.827,0.768,0,-5.702,1,0.265,0.79,2.45E-05,0.497,99.988,four,137533
"Aventura, Bad Bunny",Volví,10,34,0.725,0.86,1,-3.726,1,0.182,0.422,0.000284,0.0674,175.896,four,230125
"Post Malone, The Weeknd",One Right Now (with The Weeknd),9,20,0.687,0.781,1,-4.806,1,0.053,0.0361,0,0.0755,97.014,four,193507
Dua Lipa,Don't Start Now,2,125,0.793,0.793,11,-4.521,0,0.083,0.0123,0,0.0951,123.95,four,183290
Olivia Rodrigo,deja vu,3,51,0.442,0.612,2,-7.222,1,0.112,0.584,5.70E-06,0.37,180.917,four,215507
Rauw Alejandro,Todo De Ti,2,44,0.78,0.719,3,-3.613,0,0.0506,0.302,0.000196,0.0931,127.962,four,199604
"Justin Bieber, Daniel Caesar, Giveon",Peaches (feat. Daniel Caesar & Giveon),1,53,0.677,0.696,0,-6.181,1,0.119,0.321,0,0.42,90.03,four,198082
Adele,Oh My God,3,18,0.534,0.725,1,-3.906,1,0.046,0.091,0,0.0264,88.098,four,225149
"AnnenMayKantereit, Giant Rooks",Tom's Diner,90,1,0.68,0.428,6,-8.107,0,0.135,0.376,0.000344,0.355,98.222,four,269333
Kodak Black,Super Gremlin,45,15,0.825,0.414,2,-6.634,1,0.144,0.00265,0,0.357,72.993,four,200548
Imagine Dragons,Believer,16,268,0.776,0.78,10,-4.374,0,0.128,0.0622,0,0.081,124.949,four,204347
Lauren Spencer Smith,Fingers Crossed,17,11,0.56,0.473,5,-7.23,1,0.0533,0.618,0,0.31,109.414,four,175345
"Post Malone, Swae Lee",Sunflower - Spider-Man: Into the Spider-Verse,1,179,0.755,0.522,2,-4.368,1,0.0575,0.533,0,0.0685,89.96,four,157560
The Rare Occasions,Notion,67,11,0.309,0.883,9,-3.825,1,0.0808,0.0673,0.00111,0.0849,159.488,four,195121
Steve Lacy,Dark Red,66,33,0.603,0.783,6,-4.023,1,0.062,0.449,7.96E-06,0.119,172.041,four,173104
"Swedish House Mafia, The Weeknd",Moth To A Flame (with The Weeknd),7,22,0.542,0.659,8,-7.289,1,0.0389,0.00279,0,0.105,120.122,four,234000
"Jnr Choi, Sam Tompkins",TO THE MOON,55,11,0.745,0.65,2,-11.814,1,0.346,0.0451,0.00758,0.111,144.047,four,152137
"Alejo, Feid, ROBI",Pantysito,99,1,0.83,0.739,7,-5.395,0,0.0627,0.136,2.11E-06,0.162,97.993,four,240413
BTS,Dynamite,2,83,0.746,0.765,6,-4.41,0,0.0993,0.0112,0,0.0936,114.044,four,199054
"Dr. Dre, Snoop Dogg",Still D.R.E.,29,6,0.816,0.775,11,-3.323,1,0.234,0.16,0.00031,0.0543,93.431,four,270587
Eminem,"Lose Yourself - From ""8 Mile"" Soundtrack",44,66,0.686,0.735,2,-4.616,1,0.264,0.00921,0.00066,0.342,171.355,four,322227
"Billie Eilish, Khalid",lovely (with Khalid),24,205,0.351,0.296,4,-10.109,0,0.0333,0.934,0,0.095,115.284,four,200186
"Labrinth, Zendaya",All For Us,43,11,0.46,0.66,3,-6.642,1,0.0652,0.0108,0.000139,0.34,141.722,four,191710
"Labrinth, Zendaya",I’m Tired (with Zendaya) - Bonus Track,29,4,0.375,0.133,0,-10.624,0,0.0352,0.651,0,0.0695,131.721,four,187944
Paulo Londra,Plan A,106,1,0.583,0.834,0,-4.875,1,0.0444,0.0495,0,0.0658,173.935,four,178203
Lewis Capaldi,Someone You Loved,4,168,0.501,0.405,1,-5.679,1,0.0319,0.751,0,0.105,109.891,four,182161
LISA,MONEY,5,28,0.831,0.554,1,-9.998,0,0.218,0.161,6.12E-05,0.152,140.026,four,168228
"Doja Cat, The Weeknd",You Right,15,39,0.828,0.621,8,-6.414,1,0.0565,0.0164,0.00233,0.0845,128.986,four,186173
"Bizarrap, Tiago PZK","Tiago PZK: Bzrp Music Sessions, Vol. 48",37,12,0.656,0.823,1,-3.059,0,0.315,0.47,0,0.103,96.474,four,160000
Coldplay,Yellow,101,66,0.429,0.661,11,-7.227,1,0.0281,0.00239,0.000121,0.234,173.372,four,266773
"Bad Bunny, Daddy Yankee",La Santa,14,23,0.744,0.868,1,-4.524,1,0.047,0.0326,0,0.0822,93.037,four,206420
Jack Harlow,Nail Tech,36,5,0.677,0.557,1,-8.409,1,0.0694,0.00508,8.36E-06,0.0984,150.127,four,206385
"Xamã, Gustah, Neo Beats",Malvadão 3,33,13,0.821,0.609,6,-6.541,0,0.268,0.378,0,0.136,133.133,four,141770
J. Cole,No Role Modelz,113,35,0.69,0.521,10,-8.492,0,0.339,0.324,0,0.0534,100.028,four,292799
XXXTENTACION,Revenge,63,12,0.746,0.251,11,-16.169,0,0.259,0.782,0.00203,0.106,139.999,four,120027
Labrinth,Formula,68,10,0.574,0.664,11,-6.068,1,0.0409,0.0448,0.0553,0.146,144.654,four,91870
TREASURE,DARARI,102,4,0.716,0.638,0,-6.87,1,0.0392,0.486,0,0.0702,84.955,four,220716
Surf Curse,Freaks,55,47,0.345,0.941,9,-9.918,1,0.0466,3.84E-05,0.633,0.0511,179.626,four,147062
"Drake, 21 Savage, Project Pat",Knife Talk (with 21 Savage ft. Project Pat),10,29,0.849,0.424,5,-9.579,0,0.324,0.0635,0,0.0834,145.887,four,242966
Ryan Castro,Mujeriego,92,8,0.758,0.621,9,-8.033,1,0.125,0.0628,0,0.0809,79.949,four,142500
Danny Ocean,Fuera del mercado,122,1,0.453,0.673,8,-5.649,1,0.144,0.32,0,0.131,92.06,four,159849
"Davi Kneip, Mc Frog, Dj Gabriel do Borel, Luísa Sonza",sentaDONA (Remix) s2,123,1,0.925,0.454,3,-3.533,0,0.273,0.252,4.19E-06,0.128,135.02,four,125245
Christian Nodal,Ya No Somos Ni Seremos,37,5,0.588,0.452,7,-4.75,1,0.0268,0.437,0,0.344,139.953,four,185723
"Mora, Bad Bunny, Sech",Volando - Remix,19,37,0.659,0.688,6,-4.649,1,0.0673,0.207,0,0.113,153.979,four,273474
OneRepublic,Counting Stars,117,54,0.664,0.705,1,-4.972,0,0.0382,0.0654,0,0.118,122.016,four,257267
C. Tangana,Demasiadas Mujeres,127,3,0.658,0.453,9,-7.378,0,0.39,0.131,0.0002,0.0848,126.043,four,153960
Nirvana,Smells Like Teen Spirit,109,63,0.489,0.918,1,-4.502,1,0.0554,3.53E-05,7.64E-05,0.0908,116.731,four,300893
Sia,Unstoppable,112,6,0.468,0.779,9,-4.839,1,0.0779,0.112,0.000373,0.101,173.799,four,217747
Taylor Swift,Blank Space,130,20,0.76,0.703,5,-5.412,1,0.054,0.103,0,0.0913,95.997,four,231827
"Luude, Colin Hay",Down Under (feat. Colin Hay),72,10,0.308,0.86,11,-4.111,0,0.168,0.0116,0.000828,0.277,171.835,four,158774
The Neighbourhood,Daddy Issues,99,76,0.588,0.521,10,-9.461,1,0.0329,0.0678,0.149,0.123,85.012,four,260173
Bruno Mars,Locked out of Heaven,111,12,0.728,0.697,5,-4.125,1,0.0456,0.0556,0,0.282,143.986,four,233653
"Eminem, Nate Dogg",'Till I Collapse,81,39,0.548,0.847,1,-3.237,1,0.186,0.0622,0,0.0816,171.447,four,297787
The Weeknd,Sacrifice,3,11,0.735,0.795,11,-6.523,0,0.113,0.0296,3.18E-05,0.0678,122,four,188918
"Maroon 5, Wiz Khalifa",Payphone,136,14,0.743,0.752,4,-4.813,1,0.0414,0.0188,0,0.287,110.015,four,231173
"J Balvin, Bad Bunny",LA CANCIÓN,17,64,0.754,0.646,7,-5.795,1,0.317,0.152,1.85E-05,0.108,176.089,four,242573
WILLOW,Wait a Minute!,138,1,0.764,0.705,3,-5.279,0,0.0278,0.0371,1.94E-05,0.0943,101.003,four,196520
"Kevin Gates, Juicy J",Thinking with My Dick (feat. Juicy J),128,2,0.77,0.699,0,-6.59,1,0.199,0.0596,1.65E-05,0.17,81.003,four,165315
Ed Sheeran,Shape of You,1,269,0.825,0.652,1,-3.183,0,0.0802,0.581,0,0.0931,95.977,four,233713
Avicii,The Nights,44,54,0.527,0.835,6,-5.298,1,0.0433,0.0166,0,0.249,125.983,four,176658
"Coolio, L.V.",Gangsta's Paradise,116,22,0.647,0.514,8,-10.05,1,0.0593,0.0655,0,0.398,79.975,four,240693
Jessica Darrow,"Surface Pressure - From ""Encanto""/Soundtrack Version",23,12,0.652,0.583,2,-8.302,1,0.322,0.0165,1.65E-06,0.042,180.042,four,202227
Vance Joy,Riptide,122,64,0.484,0.731,1,-6.694,1,0.0379,0.431,0,0.151,101.654,four,204280
Doja Cat,Get Into It (Yuh),36,34,0.912,0.655,8,-6.029,0,0.162,0.315,3.39E-05,0.0894,91.942,four,138293
"NEIKED, Mae Muller, Polo G",Better Days (NEIKED x Mae Muller x Polo G),32,23,0.717,0.671,0,-5.077,0,0.0337,0.0018,2.54E-06,0.0921,110.054,four,160657
Queen,Bohemian Rhapsody - Remastered 2011,11,182,0.414,0.404,0,-9.928,0,0.0499,0.271,0,0.3,71.105,four,354320
"Sean Paul, Dua Lipa",No Lie,80,34,0.742,0.882,7,-2.862,1,0.117,0.0466,0,0.206,102.04,four,221176
Zé Felipe,Malvada,58,7,0.894,0.859,5,-2.981,0,0.0471,0.159,0.000153,0.075,134.947,four,145854
"Tiësto, KAROL G",Don't Be Shy,38,32,0.77,0.787,11,-3.748,0,0.0583,0.198,0,0.262,119.986,four,140500
Ed Sheeran,Perfect,4,262,0.599,0.448,8,-6.312,1,0.0232,0.163,0,0.106,95.05,three,263400
ROSALÍA,CHICKEN TERIYAKI,152,1,0.788,0.4,2,-6.454,1,0.115,0.454,0.000141,0.0686,97.936,four,122227
"Drake, WizKid, Kyla",One Dance,12,120,0.792,0.625,1,-5.609,1,0.0536,0.00776,0.0018,0.329,103.967,four,173987
"Rvssian, Rauw Alejandro, Chris Brown",Nostálgico,40,28,0.734,0.846,9,-3.425,0,0.0489,0.166,1.74E-06,0.235,98.026,four,209884
"24kGoldn, iann dior",Mood (feat. iann dior),1,85,0.701,0.716,7,-3.671,0,0.0361,0.174,0,0.324,91.007,four,140533
The Killers,Mr. Brightside,98,87,0.352,0.911,1,-5.23,1,0.0747,0.00121,0,0.0995,148.033,four,222973
"4*TOWN (From Disney and Pixar’s Turning Red), Jordan Fisher, Finneas O'Connell, Topher Ngo, Grayson Villanueva, Josh Levi",Nobody Like U,157,1,0.905,0.631,9,-10.06,0,0.177,0.129,0,0.101,105.026,four,160947
Taylor Swift,All Too Well (10 Minute Version) (Taylor's Version) (From The Vault),1,19,0.631,0.518,0,-8.771,1,0.0303,0.274,0,0.088,93.023,four,613027
Post Malone,Circles,1,134,0.695,0.762,0,-3.497,1,0.0395,0.192,0.00244,0.0863,120.042,four,215280
Bad Bunny,La Zona,60,7,0.762,0.801,1,-3.661,0,0.0409,0.2,7.04E-05,0.254,93.992,four,136893
Hozier,Take Me To Church,108,75,0.566,0.664,4,-5.303,0,0.0464,0.634,0,0.116,128.945,four,241688
Conan Gray,Heather,12,87,0.357,0.425,5,-7.301,1,0.0333,0.584,0,0.322,102.078,three,198040
50 Cent,In Da Club,77,6,0.899,0.713,6,-2.752,0,0.366,0.255,0,0.0708,90.051,four,193467
"Hugo & Guilherme, Marília Mendonça",Mal Feito - Ao Vivo,72,10,0.732,0.831,0,-3.791,0,0.0691,0.554,0,0.903,123.942,four,177935
Pharrell Williams,Just a Cloud Away,165,1,0.888,0.459,2,-8.154,1,0.0357,0.426,0,0.11,112.56,three,176078
Tones And I,Dance Monkey,1,140,0.824,0.587,6,-6.401,0,0.0937,0.69,0.000105,0.149,98.029,four,209438
Olivia Rodrigo,happier,12,44,0.395,0.443,6,-9.72,1,0.133,0.765,9.67E-06,0.0839,168.924,three,175933
XXXTENTACION,Hope,42,35,0.592,0.457,9,-6.081,0,0.0603,0.661,0.000331,0.146,146.04,four,110886
"Dímelo Flow, Dalex, Sech, Justin Quiles, Arcangel, De La Ghetto, Lenny Tavárez",Se Le Ve,110,12,0.562,0.755,7,-4.367,0,0.112,0.0967,2.25E-05,0.143,83.997,four,277693
"THE ANXIETY, WILLOW, Tyler Cole",Meet Me At Our Spot,24,29,0.773,0.47,2,-7.93,1,0.0299,0.0153,0.000193,0.0851,94.995,four,162680
Avicii,Wake Me Up,13,68,0.532,0.783,2,-5.697,1,0.0523,0.0038,0.0012,0.161,124.08,four,247427
"Bizarrap, Residente","Residente: Bzrp Music Sessions, Vol. 49",18,3,0.586,0.74,1,-2.997,0,0.404,0.555,0,0.11,71.378,three,519289
"CKay, Dj Yo!, AX'EL",love nwantiti (feat. Dj Yo! & AX'EL) - Remix,14,27,0.579,0.596,8,-4.823,1,0.0561,0.436,0.0938,0.0549,119.9,three,188369
"Tyga, Doja Cat",Freaky Deaky,83,4,0.799,0.653,2,-5.453,0,0.037,0.019,0,0.0935,104.019,four,215281
"AP Dhillon, Gurinder Gill, Intense",Excuses,56,10,0.837,0.717,5,-7.749,0,0.0822,0.0842,0,0.149,94.984,four,176233
Arctic Monkeys,Why'd You Only Call Me When You're High?,104,33,0.691,0.631,2,-6.478,1,0.0368,0.0483,1.13E-05,0.104,92.004,four,161124
Juice WRLD,Lucid Dreams,3,194,0.511,0.566,6,-7.23,0,0.2,0.349,0,0.34,83.903,four,239836
"Gesaffelstein, The Weeknd",Lost in the Fire (feat. The Weeknd),12,21,0.658,0.671,2,-12.21,1,0.0363,0.0933,0.000927,0.115,100.966,four,202093
ROSALÍA,BIZCOCHITO,180,1,0.93,0.774,1,-4.203,1,0.0744,0.605,0.0238,0.12,116.972,four,109120
"Eminem, Juice WRLD",Godzilla (feat. Juice WRLD),4,76,0.808,0.745,10,-5.26,0,0.342,0.145,0,0.292,165.995,four,210800
"Macklemore & Ryan Lewis, Macklemore, Ryan Lewis, Ray Dalton",Can't Hold Us (feat. Ray Dalton),149,22,0.633,0.927,2,-4.468,1,0.0839,0.0267,0,0.0986,146.097,four,258432
Ariana Grande,positions,1,74,0.737,0.802,0,-4.771,1,0.0878,0.468,0,0.0931,144.015,four,172325
Yeat,Monëy so big,184,3,0.693,0.575,2,-7.633,1,0.0906,0.121,0,0.104,138.016,four,160052
Bruno Mars,Talking to the Moon,45,50,0.498,0.59,1,-4.721,0,0.032,0.511,0,0.107,145.867,four,217867
ROSALÍA,HENTAI,186,1,0.583,0.297,7,-11.273,0,0.406,0.879,0,0.127,124.279,three,162907
Doja Cat,Ain't Shit,22,21,0.855,0.488,3,-4.601,1,0.208,0.506,0,0.347,124.097,four,174253
"Bruno Mars, Anderson .Paak, Silk Sonic",Leave The Door Open,5,55,0.586,0.616,5,-7.964,1,0.0324,0.182,0,0.0927,148.088,four,242096
(G)I-DLE,TOMBOY,189,1,0.755,0.87,1,-2.414,0,0.0936,0.00988,0,0.0917,124.032,four,174387
"The Chainsmokers, Coldplay",Something Just Like This,2,172,0.617,0.635,11,-6.769,0,0.0317,0.0498,1.44E-05,0.164,103.019,four,247160
"Gabry Ponte, LUM!X, Prezioso",Thunder,110,16,0.67,0.896,1,-4.673,1,0.058,0.0342,3.21E-05,0.344,101.216,three,160000
Dua Lipa,Levitating,52,38,0.695,0.884,6,-2.278,0,0.0753,0.0561,0,0.213,103.014,four,203808
Arctic Monkeys,Do I Wanna Know?,117,34,0.548,0.532,5,-7.596,1,0.0323,0.186,0.000263,0.217,85.03,four,272394
Luan Santana,ABALO EMOCIONAL - Ao Vivo,194,1,0.441,0.915,3,-4.096,0,0.112,0.306,0,0.252,185.936,four,153226
"Shawn Mendes, Camila Cabello",Señorita,1,138,0.759,0.548,9,-6.049,0,0.029,0.0392,0,0.0828,116.967,four,190800
"Eminem, Dido",Stan,138,6,0.78,0.768,6,-4.325,0,0.238,0.0371,2.34E-06,0.518,80.063,four,404107
Lewis Capaldi,Before You Go,19,122,0.459,0.575,3,-4.858,1,0.0573,0.604,0,0.0885,111.881,four,215107
Beach House,Space Song,174,10,0.508,0.792,0,-7.311,0,0.0297,0.229,0.124,0.145,147.067,four,320467
James Arthur,Say You Won't Let Go,7,268,0.358,0.557,10,-7.398,1,0.059,0.695,0,0.0902,85.043,four,211467
Doja Cat,Streets,9,45,0.749,0.463,11,-8.433,1,0.0842,0.21,0.0382,0.338,90.035,four,226987
"Bizarrap, Quevedo","Quevedo: Bzrp Music Sessions, Vol. 52",1,5,0.621,0.782,2,-5.548,1,0.044,0.0125,0.033,0.23,128.033,four,198938
Harry Styles,As It Was,1,19,0.52,0.731,6,-5.338,0,0.0557,0.342,0.00101,0.311,173.93,four,167303
"Bad Bunny, Chencho Corleone",Me Porto Bonito,2,14,0.911,0.712,1,-5.105,0,0.0817,0.0901,2.68E-05,0.0933,92.005,four,178567
Bad Bunny,Tití Me Preguntó,4,14,0.65,0.715,5,-5.198,0,0.253,0.0993,0.000291,0.126,106.672,four,243717
Kate Bush,Running Up That Hill (A Deal With God),1,11,0.629,0.547,10,-13.123,0,0.055,0.72,0.00314,0.0604,108.375,four,298933
ROSALÍA,DESPECHÁ,6,2,0.919,0.623,7,-6.521,1,0.0992,0.184,1.63E-05,0.0609,130.037,four,157018
Bad Bunny,Efecto,7,14,0.801,0.475,7,-8.797,0,0.0516,0.141,1.73E-05,0.0639,98.047,four,213061
Joji,Glimpse of Us,1,9,0.44,0.317,8,-9.258,1,0.0531,0.891,4.78E-06,0.141,169.914,three,233456
"Bad Bunny, Bomba Estéreo",Ojitos Lindos,3,14,0.647,0.686,3,-5.745,0,0.0413,0.08,1.34E-06,0.528,79.928,four,258299
Steve Lacy,Bad Habit,10,5,0.686,0.494,1,-7.093,1,0.0355,0.613,5.80E-05,0.402,168.946,four,232067
Bad Bunny,Moscow Mule,2,14,0.804,0.674,5,-5.453,0,0.0333,0.294,1.18E-06,0.115,99.968,four,245940
Manuel Turizo,La Bachata,13,6,0.835,0.679,7,-5.329,0,0.0364,0.583,1.98E-06,0.218,124.98,four,162638
KAROL G,PROVENZA,6,16,0.87,0.516,1,-8.006,1,0.0541,0.656,0.00823,0.11,111.005,four,210200
"benny blanco, BTS, Snoop Dogg",Bad Decisions (with BTS & Snoop Dogg),15,1,0.762,0.861,0,-3.296,1,0.0955,0.0185,0,0.264,120.048,four,172714
OneRepublic,I Ain't Worried,13,10,0.704,0.797,0,-5.927,1,0.0475,0.0826,0.000745,0.0546,139.994,four,148486
"Charlie Puth, Jung Kook, BTS",Left and Right (Feat. Jung Kook of BTS),7,7,0.881,0.592,2,-4.898,1,0.0324,0.619,1.32E-05,0.0901,101.058,four,154487
Central Cee,Doja,15,3,0.911,0.573,6,-7.43,1,0.288,0.38,0,0.403,140.04,four,97393
Beyoncé,BREAK MY SOUL,12,8,0.693,0.887,1,-5.039,0,0.0795,0.0581,2.71E-06,0.27,114.942,four,278282
Lizzo,About Damn Time,9,15,0.836,0.743,10,-6.305,0,0.0653,0.0974,0,0.335,108.965,four,191938
"DJ Khaled, Drake, Lil Baby",STAYING ALIVE (feat. Drake & Lil Baby),21,1,0.718,0.461,4,-7.676,0,0.0797,0.068,0,0.283,129.953,four,178176
"Bad Bunny, Jhay Cortez",Tarot,9,14,0.795,0.684,11,-3.971,0,0.0419,0.0225,0,0.658,114.011,four,237895
"Shakira, Rauw Alejandro",Te Felicito,13,16,0.695,0.636,5,-4.654,1,0.317,0.234,0,0.081,174.14,four,172235
Rosa Linn,SNAP,26,5,0.565,0.636,0,-8.198,1,0.0638,0.107,9.90E-06,0.447,170.01,four,179551
Harry Styles,Late Night Talking,2,12,0.714,0.728,10,-4.595,1,0.0468,0.298,0,0.106,114.996,four,177955
"Bad Bunny, Rauw Alejandro",Party,6,14,0.829,0.799,9,-5.389,1,0.0897,0.0151,0.000543,0.242,97.013,four,227629
"Post Malone, Doja Cat",I Like You (A Happier Song) (with Doja Cat),10,10,0.733,0.67,5,-6.009,1,0.0751,0.121,0,0.121,100.964,four,192841
"Drake, 21 Savage",Jimmy Cooks (feat. 21 Savage),7,8,0.529,0.673,0,-4.711,1,0.175,0.000307,2.41E-06,0.093,165.921,four,218365
Chris Brown,Under The Influence,32,3,0.733,0.69,9,-5.529,0,0.0427,0.0635,1.18E-06,0.105,116.992,four,184613
"Nicky Youre, dazy",Sunroof,28,14,0.768,0.714,10,-5.11,1,0.0401,0.352,0,0.15,131.443,four,163026
"James Hype, Miggy Dela Rosa",Ferrari,36,10,0.847,0.69,1,-7.877,0,0.0493,0.0127,6.00E-05,0.0526,125.004,four,186662
"Bad Bunny, Tony Dize",La Corriente,17,14,0.663,0.786,11,-3.51,0,0.195,0.229,0,0.219,196.12,four,198367
"Calvin Harris, Dua Lipa",One Kiss (with Dua Lipa),2,83,0.791,0.862,9,-3.24,0,0.11,0.037,2.19E-05,0.0814,123.994,four,214847
Doja Cat,Vegas (From the Original Motion Picture Soundtrack ELVIS),26,10,0.801,0.601,8,-7.574,0,0.255,0.0777,3.23E-05,0.145,159.969,four,182907
The Weeknd,Die For You,41,26,0.586,0.525,1,-7.163,0,0.0615,0.111,0,0.134,133.629,four,260253
Stephen Sanchez,Until I Found You,30,14,0.539,0.508,10,-6.05,1,0.0288,0.727,0,0.174,101.358,three,177720
Jack Harlow,First Class,2,18,0.902,0.582,5,-5.902,0,0.109,0.111,3.18E-06,0.111,107.005,four,173948
"Pritam, Arijit Singh, Amitabh Bhattacharya","Kesariya (From ""Brahmastra"")",33,4,0.577,0.574,0,-6.525,1,0.0278,0.572,0,0.1,94.009,four,268165
Bad Bunny,Después de la Playa,7,14,0.564,0.903,5,-3.221,1,0.307,0.356,0,0.175,78.293,four,230400
"Bizarrap, Villano Antillano","Villano Antillano: Bzrp Music Sessions, Vol. 51",45,9,0.82,0.752,1,-7.635,0,0.0648,0.0584,0.00417,0.628,127.999,four,187500
"Chris Jedi, Anuel AA, Chencho Corleone, Ñengo Flow",La Llevo Al Cielo (Ft. Ñengo Flow),53,12,0.795,0.845,9,-3.809,0,0.135,0.105,1.14E-05,0.172,170.023,four,254920
Beyoncé,ALIEN SUPERSTAR,24,2,0.545,0.641,10,-6.398,0,0.0998,0.00453,6.59E-05,0.171,121.892,four,215460
"Future, Drake, Tems",WAIT FOR U (feat. Drake & Tems),10,15,0.463,0.642,1,-4.474,1,0.34,0.314,0,0.0686,83.389,four,189893
Bad Bunny,Un Ratito,10,14,0.787,0.546,0,-7.094,0,0.0532,0.305,4.55E-05,0.122,93.05,four,176936
Duki,GIVENCHY,25,3,0.607,0.619,8,-6.726,1,0.396,0.142,0,0.231,102.974,three,182611
Bad Bunny,Neverita,15,14,0.876,0.498,10,-7.511,1,0.0478,0.0706,0,0.143,122.016,four,173119
The Weeknd,Call Out My Name,1,42,0.461,0.593,1,-4.954,1,0.0356,0.17,0,0.307,134.17,three,228373
Taylor Swift,august,11,7,0.532,0.623,5,-9.208,1,0.0331,0.538,7.28E-05,0.0925,89.937,four,261923
Feid,Normal,57,5,0.712,0.557,4,-4.861,0,0.115,0.0397,0,0.27,170.079,four,171987
Beyoncé,CUFF IT,30,2,0.78,0.689,7,-5.668,1,0.141,0.0368,9.69E-06,0.0698,115.042,four,225389
"The Weeknd, Gesaffelstein",I Was Never There,17,10,0.323,0.737,10,-4.008,1,0.0338,0.142,0.000162,0.163,113.26,four,241067
"Polimá Westcoast, Pailita, Feid, Paloma Mami, De La Ghetto",ULTRA SOLO REMIX,44,8,0.909,0.824,1,-4.627,1,0.0797,0.0777,0.00387,0.0638,109.97,four,322347
Yung Gravy,Betty (Get Money),78,5,0.723,0.772,1,-6.784,1,0.0792,0.00524,1.15E-05,0.367,102.004,four,146471
Lasso,Ojos Marrones,72,6,0.809,0.649,8,-4.433,0,0.0416,0.0407,0,0.145,120.014,four,198520
Metallica,Master Of Puppets,20,6,0.543,0.836,4,-9.11,0,0.0353,0.000647,0.431,0.153,105.173,four,515387
"The Weeknd, Daft Punk",Starboy,1,97,0.679,0.587,7,-7.015,1,0.276,0.141,6.35E-06,0.137,186.003,four,230453
"Bad Bunny, Buscabulla",Andrea,21,14,0.797,0.616,1,-10.229,0,0.375,0.762,0.000293,0.0979,103.071,four,339612
Bad Bunny,Un Coco,25,14,0.839,0.69,11,-4.464,1,0.0615,0.207,8.33E-06,0.176,151.991,four,196413
Feid,Si Te La Encuentras Por Ahí,86,1,0.743,0.576,8,-3.552,0,0.076,0.151,5.87E-05,0.128,171.945,four,191573
"Imanbek, BYOR",Belly Dancer,77,11,0.845,0.797,1,-4.984,1,0.139,0.0582,5.57E-06,0.167,121.985,four,151475
Burna Boy,Last Last,93,5,0.795,0.565,3,-4.457,0,0.0948,0.131,0,0.0802,87.925,four,172342
Bad Bunny,Dos Mil 16,19,14,0.817,0.67,1,-6.534,1,0.0506,0.123,1.92E-06,0.128,130.058,three,208615
"Calvin Harris, Justin Timberlake, Halsey, Pharrell Williams","Stay With Me (with Justin Timberlake, Halsey & Pharrell)",86,3,0.81,0.733,9,-6.338,1,0.0444,0.276,6.73E-06,0.288,125.975,four,229283
Arctic Monkeys,I Wanna Be Yours,103,5,0.464,0.417,0,-9.345,0,0.0256,0.136,0.022,0.0974,67.528,four,183956
Tears For Fears,Everybody Wants To Rule The World,105,10,0.645,0.795,7,-12.095,1,0.0527,0.347,0.00389,0.104,112.067,four,251489
Taylor Swift,Don’t Blame Me,72,13,0.615,0.534,9,-6.719,0,0.0386,0.106,1.76E-05,0.0607,135.917,four,236413
Paloma Faith,Only Love Can Hurt Like This,93,12,0.566,0.885,8,-4.528,1,0.0818,0.0958,9.97E-05,0.334,90.99,four,232893
The Police,Every Breath You Take,109,61,0.82,0.452,1,-9.796,1,0.0348,0.543,0.00294,0.0714,117.401,four,253920
Benson Boone,In The Stars,54,15,0.362,0.54,10,-6.031,1,0.0528,0.338,0,0.139,78.007,three,216410
Mr.Kitty,After Dark,112,17,0.579,0.601,8,-10.492,1,0.0322,0.0673,0.414,0.0778,140.019,four,257147
Bad Bunny,Yo No Soy Celoso,11,14,0.872,0.588,0,-6.276,1,0.0492,0.275,0,0.17,142.004,four,230704
One Direction,Night Changes,111,11,0.672,0.52,8,-7.747,1,0.0353,0.859,0,0.115,120.001,four,226600
The Weeknd,The Hills,52,50,0.585,0.564,0,-7.063,0,0.0515,0.0671,0,0.135,113.003,four,242253
Billie Eilish,TV,27,3,0.412,0.236,4,-15.159,0,0.0379,0.83,0.00653,0.147,140.214,four,281381
Bad Bunny,Me Fui de Vacaciones,14,14,0.714,0.645,10,-5.493,1,0.0514,0.229,0.00083,0.0942,85.046,four,180930
"Mora, Feid",LA INOCENTE,121,6,0.757,0.789,5,-3.46,0,0.0583,0.307,0,0.0717,91.911,four,202174
Lana Del Rey,Summertime Sadness,122,3,0.568,0.646,1,-6.793,0,0.0332,0.0464,0,0.121,111.945,four,264773
Seafret,Atlantis,126,3,0.4,0.479,8,-7.989,0,0.0308,0.0529,2.14E-06,0.115,166.159,four,229173
"Marshmello, Khalid",Numb,114,9,0.912,0.774,0,-4.673,0,0.0455,0.121,0.0127,0.101,119.966,four,155589
"Polimá Westcoast, Pailita",ULTRA SOLO,42,16,0.802,0.846,1,-4.495,1,0.207,0.233,1.92E-05,0.114,109.982,four,227221
Rema,Calm Down,130,5,0.814,0.789,11,-6.29,1,0.0405,0.365,0.000502,0.137,107.003,four,219669
Drake,Massive,18,8,0.499,0.671,4,-6.774,0,0.0561,0.114,0.0169,0.148,124.994,three,336924
NAYEON,POP!,68,7,0.793,0.859,2,-2.998,1,0.0544,0.0356,0,0.0343,97.001,four,168107
Cigarettes After Sex,Apocalypse,135,5,0.369,0.467,5,-9.018,1,0.0274,0.0194,0.46,0.109,94.473,four,290147
"Bad Bunny, The Marías",Otro Atardecer,24,14,0.777,0.595,2,-6.79,1,0.0375,0.59,0.00139,0.0669,108.02,four,244444
"Grupo Marca Registrada, Junior H",El Rescate,129,3,0.794,0.594,7,-8.698,0,0.139,0.283,0.000381,0.109,99.238,three,160897
Guns N' Roses,Sweet Child O' Mine,101,10,0.454,0.91,6,-7.766,1,0.0448,0.0866,0.0996,0.116,125.116,four,354520
"Bad Bunny, Tainy",Callaita,7,67,0.608,0.626,2,-4.773,1,0.301,0.597,2.16E-06,0.25,176.086,four,250534
"Calvin Harris, Dua Lipa, Young Thug",Potion (with Dua Lipa & Young Thug),26,10,0.824,0.697,11,-4.869,0,0.0473,0.158,4.11E-05,0.0751,99.987,four,215216
"David Guetta, Becky Hill, Ella Henderson",Crazy What Love Can Do,127,14,0.601,0.713,4,-3.758,0,0.0449,0.0282,0,0.158,122.872,four,169756
LF SYSTEM,Afraid To Feel,150,5,0.578,0.912,1,-3.929,1,0.114,0.0166,0.00362,0.273,127.87,four,177525
Rex Orange County,THE SHADE,161,3,0.898,0.509,5,-7.973,1,0.062,0.391,0,0.0876,119.869,four,181507
"Post Malone, Roddy Ricch",Cooped Up (with Roddy Ricch),18,13,0.669,0.773,0,-5.619,1,0.153,0.038,0,0.113,93.923,four,185857
"The Weeknd, Lana Del Rey",Stargirl Interlude,168,4,0.715,0.47,5,-12.638,0,0.0772,0.353,0.0923,0.104,89.965,four,111627
"Beyoncé, BEAM",ENERGY (feat. Beam),34,2,0.903,0.519,1,-9.151,1,0.26,0.281,0.000106,0.155,114.991,four,116727
Harry Styles,Matilda,5,12,0.507,0.294,2,-10,1,0.04,0.896,1.97E-05,0.0966,114.199,four,245964
Harry Styles,Music For a Sushi Restaurant,6,12,0.72,0.715,11,-4.652,1,0.04,0.258,0.0568,0.107,107.041,four,193813
Panic! At The Disco,House of Memories,64,16,0.506,0.817,11,-5.051,0,0.0335,0.00272,0,0.0486,109.952,four,208707
Ezhel,Nerdesin,164,3,0.816,0.696,8,-6.75,0,0.153,0.201,0.000643,0.13,100.004,four,176268
"NAV, Lil Baby, Travis Scott",Never Sleep (with Lil Baby feat. Travis Scott),101,2,0.819,0.651,1,-5.829,1,0.169,0.00639,0,0.122,139.957,four,185786
"Ana Castela, Melody, Dj Chris No Beat",Pipoco,100,4,0.774,0.742,8,-4.178,1,0.0766,0.473,0.000472,0.342,134.991,four,194023
"Daddy Yankee, Bad Bunny",X ÚLTIMA VEZ,18,20,0.812,0.855,7,-3.725,1,0.0554,0.0789,0.000167,0.108,90.04,four,192477
Shawn Mendes,There's Nothing Holdin' Me Back,5,72,0.866,0.813,11,-4.063,0,0.0554,0.38,0,0.0779,121.998,four,199440
Troye Sivan,Angel Baby,59,19,0.559,0.559,11,-6.425,1,0.0358,0.0145,0,0.138,72.498,four,220780
Beyoncé,SUMMER RENAISSANCE,46,2,0.674,0.625,1,-9.593,1,0.0514,0.0843,0.0015,0.11,120.004,four,273998
Sofia Carson,Come Back Home,193,1,0.552,0.531,7,-7.732,1,0.0421,0.241,1.21E-05,0.122,144.946,four,176859
BTS,Yet To Come,7,8,0.559,0.885,1,-4.515,1,0.189,0.0432,0,0.333,172.029,four,193594
Imagine Dragons,Demons,194,2,0.505,0.71,3,-3.015,1,0.0321,0.19,0.00025,0.269,89.938,four,177507
"Shae Gill, Ali Sethi",Pasoori,109,16,0.714,0.596,11,-6.206,0,0.043,0.0657,0,0.0625,91.991,four,224147
Kanye West,Heartless,198,1,0.79,0.647,10,-5.983,0,0.136,0.0515,0,0.248,87.999,four,211000
Beyoncé,I'M THAT GIRL,33,1,0.554,0.535,5,-8.959,0,0.186,0.0616,1.32E-05,0.124,105.865,four,208014
Beyoncé,CHURCH GIRL,39,1,0.792,0.919,2,-5.688,1,0.276,0.0381,5.10E-06,0.368,92.028,four,224473
Beyoncé,VIRGO'S GROOVE,77,1,0.683,0.85,11,-5.042,0,0.0699,0.0781,1.09E-06,0.741,107.988,four,368758
Beyoncé,PLASTIC OFF THE SOFA,85,1,0.618,0.712,1,-8.246,1,0.114,0.14,4.53E-06,0.575,97.057,four,254319
Beyoncé,HEATED,93,1,0.785,0.732,1,-5.724,1,0.164,0.0636,0.000807,0.265,110.952,four,260771
"Beyoncé, Grace Jones, Tems",MOVE (feat. Grace Jones & Tems),96,1,0.876,0.628,1,-6.595,1,0.0935,0.0165,0.0339,0.0938,118.028,four,203383
Beyoncé,THIQUE,102,1,0.823,0.536,5,-10.123,0,0.319,0.0616,0.0143,0.326,128.955,four,244792
Beyoncé,PURE/HONEY,114,1,0.857,0.558,1,-7.888,1,0.134,0.0122,4.80E-05,0.288,123.973,four,288255
Beyoncé,ALL UP IN YOUR MIND,148,1,0.744,0.577,9,-7.228,1,0.0631,0.0672,3.06E-06,0.178,135.869,four,169820
Beyoncé,AMERICA HAS A PROBLEM,152,1,0.789,0.614,1,-6.491,1,0.0579,0.00348,0.00152,0.283,126.035,four,198898
Luísa Sonza,CACHORRINHAS,109,2,0.709,0.696,8,-4.837,0,0.275,0.16,0,0.248,98.119,four,134937
Billie Eilish,The 30th,64,2,0.387,0.135,7,-14.398,1,0.051,0.929,0,0.0948,82.987,four,216448
"L7NNON, DJ Biel do Furduncinho, Bianca",Ai Preto,140,5,0.953,0.57,6,-5.149,1,0.245,0.537,0,0.0993,129.947,four,131583
Lady Gaga,Hold My Hand,110,10,0.53,0.612,7,-4.286,1,0.0331,0.0403,0,0.393,148.009,three,225280
Jessica Darrow,Surface Pressure,26,3,0.65,0.584,2,-8.286,1,0.307,0.0174,1.54E-06,0.042,180.088,four,202227
The Weeknd,Out of Time,10,2,0.65,0.76,0,-4.422,0,0.0446,0.255,0,0.339,93.057,four,214194
"The Game, Kanye West",Eazy,35,1,0.716,0.551,1,-6.987,1,0.47,0.167,0,0.197,82.393,four,234288
The Weeknd,Is There Someone Else?,11,2,0.702,0.586,9,-7.83,0,0.0313,0.0388,7.27E-05,0.156,134.951,four,199111
"Tiago PZK, LIT killah, Maria Becerra, Nicki Nicole",Entre Nosotros (Remix) [con Nicki Nicole],53,2,0.7,0.438,5,-5.784,0,0.0433,0.401,0,0.373,170.106,three,260000
Shawn Mendes,It'll Be Okay,55,7,0.398,0.286,7,-11.881,1,0.033,0.616,0.000146,0.0912,78.262,four,222800
"The Weeknd, Ariana Grande",Save Your Tears (with Ariana Grande) (Remix),5,39,0.65,0.825,0,-4.645,1,0.0325,0.0215,2.44E-05,0.0936,118.091,four,191014
Emmy Meli,I AM WOMAN,51,8,0.646,0.471,10,-9.247,1,0.157,0.122,0,0.125,170.084,four,232813
The Weeknd,Gasoline,13,2,0.728,0.741,6,-7.075,0,0.0473,0.000582,0.00206,0.33,123.006,four,212166
The Weeknd,How Do I Make You Love Me?,14,2,0.805,0.498,7,-7.927,0,0.0737,0.0203,2.37E-05,0.085,121.006,four,214215
The Weeknd,Less Than Zero,23,2,0.535,0.791,0,-5.55,1,0.0327,0.00096,0.000155,0.0788,142.981,four,211814
"Bruno Mars, Anderson .Paak, Silk Sonic",Smokin Out The Window,8,11,0.627,0.618,2,-8.529,1,0.0437,0.0558,0,0.351,82.03,four,197443
"Gunna, Drake",P power (feat. Drake),81,1,0.828,0.591,1,-6.217,1,0.109,0.0199,0.000323,0.361,119.251,four,193347
"Amaarae, Kali Uchis, Moliy",SAD GIRLZ LUV MONEY Remix (feat. Kali Uchis and Moliy),23,12,0.87,0.523,1,-8.052,0,0.0602,0.433,2.07E-05,0.113,110.02,four,204764
"Stephanie Beatriz, Olga Merediz, Encanto - Cast",The Family Madrigal,87,2,0.594,0.628,1,-6.345,1,0.359,0.12,0,0.0582,141.391,four,257213
Oliver Tree,Life Goes On,15,20,0.7,0.49,0,-5.187,1,0.076,0.186,0,0.117,79.982,four,161803
The Weeknd,Take My Breath,22,2,0.698,0.769,8,-7.154,1,0.0368,0.0128,0.00166,0.238,121.02,four,339023
"George Henrique & Rodrigo, Marília Mendonça",Vai Lá Em Casa Hoje,66,9,0.456,0.83,8,-3.646,0,0.281,0.53,0,0.968,157.628,four,191524
"Diane Guerrero, Stephanie Beatriz",What Else Can I Do?,101,2,0.718,0.709,4,-5.568,1,0.039,0.258,0,0.101,119.974,four,179427
Sebastian Yatra,Dos Oruguitas,104,2,0.423,0.355,0,-10.565,1,0.0454,0.761,0,0.0915,93.788,four,214613
Gusttavo Lima,Bloqueado - Ao Vivo,106,4,0.828,0.721,1,-4.274,0,0.0558,0.153,0,0.547,129.092,four,168689
"Tiago PZK, Trueno",Salimo de Noche,72,12,0.669,0.628,2,-4.177,1,0.0526,0.294,1.83E-05,0.124,83.803,four,177857
Jason Derulo,Acapulco,90,15,0.774,0.792,10,-4.021,1,0.0523,0.051,0,0.155,122.062,four,139672
Edison Lighthouse,Love Grows (Where My Rosemary Goes),112,3,0.568,0.824,9,-4.613,1,0.0299,0.403,0,0.0855,108.625,four,174760
Stromae,L’enfer,113,1,0.4,0.547,2,-8.381,0,0.177,0.33,0,0.241,177.595,four,189720
The Weeknd,Best Friends,26,2,0.737,0.564,4,-7.045,0,0.105,0.436,0,0.351,90,four,163504
"Marília Mendonça, Maiara & Maraisa",Esqueça-Me Se For Capaz,67,11,0.799,0.685,6,-5.366,0,0.0725,0.276,0,0.13,122.013,four,169059
"The Weeknd, Tyler, The Creator","Here We Go… Again (feat. Tyler, the Creator)",25,2,0.469,0.623,1,-4.432,1,0.0302,0.345,0,0.588,134.943,four,209778
NIKI,Every Summertime,124,2,0.628,0.676,6,-4.227,1,0.0424,0.393,6.94E-05,0.0978,78.996,four,215687
Adele,Rolling in the Deep,36,16,0.73,0.769,8,-5.114,1,0.0298,0.138,0,0.0473,104.948,four,228093
Maluma,Sobrio,41,28,0.762,0.77,5,-2.758,1,0.223,0.138,0,0.15,177.998,four,201181
Tiësto,The Business,9,64,0.798,0.62,8,-7.079,0,0.232,0.414,0.0192,0.112,120.031,four,164000
"DJ Matt D, Menor MC, MC GP, Vulgo FK",Pandora,129,3,0.688,0.458,1,-9.138,0,0.588,0.14,0,0.407,124.553,four,177000
"Fireboy DML, Ed Sheeran",Peru,89,4,0.956,0.417,7,-7.892,0,0.0926,0.572,0.00071,0.0782,108.015,four,187111
Playboi Carti,Sky,113,14,0.785,0.903,2,-4.184,1,0.21,0.258,0,0.169,139.98,four,193234
IVE,ELEVEN,103,7,0.828,0.731,9,-3.033,1,0.111,0.0617,0,0.048,119.978,four,178453
"Drake, Future, Young Thug",Way 2 Sexy (with Future & Young Thug),5,20,0.803,0.597,11,-6.035,0,0.141,0.000619,4.50E-06,0.323,136.008,four,257605
Trueno,DANCE CRIP,79,9,0.857,0.766,0,-3.699,1,0.0978,0.108,0,0.0817,106.024,four,165019
"Jhay Cortez, Anuel AA",Ley Seca,44,20,0.759,0.842,8,-3.758,1,0.096,0.101,0,0.134,105.059,four,263253
Måneskin,I WANNA BE YOUR SLAVE,8,35,0.75,0.608,1,-4.008,1,0.0387,0.00165,0,0.178,132.507,four,173347
"Zé Felipe, Mc Danny",Toma Toma Vapo Vapo,75,8,0.763,0.859,4,-3.3,0,0.0479,0.322,0.0003,0.117,164.055,four,156760
Kanye West,Praise God,16,19,0.798,0.545,1,-6.466,1,0.168,0.00904,9.48E-05,0.258,118.029,four,226653
Rauw Alejandro,Cúrame,35,26,0.765,0.625,9,-3.599,0,0.0548,0.584,0.00111,0.112,102.101,four,164706
"Riton, Nightcrawlers, Mufasa & Hypeman, Dopamine",Friday (feat. Mufasa & Hypeman) - Dopamine Re-Edit,15,48,0.824,0.862,2,-3.424,1,0.126,0.0076,0.000132,0.303,122.98,four,169153
Sleepy Hallow,2055,31,27,0.829,0.512,6,-5.865,0,0.187,0.492,0,0.12,80.511,four,123987
Tate McRae,you broke me first,13,78,0.667,0.373,4,-9.389,1,0.05,0.785,0,0.0906,124.148,four,169266
Olivia Rodrigo,favorite crime,11,31,0.369,0.272,9,-10.497,1,0.0364,0.866,0,0.147,172.929,four,152667
"Lady Gaga, Bradley Cooper",Shallow,3,171,0.572,0.385,7,-6.362,1,0.0308,0.371,0,0.231,95.799,four,215733
Masked Wolf,Astronaut In The Ocean,3,53,0.778,0.695,4,-6.865,0,0.0913,0.175,0,0.15,149.996,four,132780
"Nio Garcia, J Balvin, Bad Bunny",AM Remix,14,30,0.743,0.655,6,-5.015,0,0.159,0.114,0,0.0764,172.031,four,261335
John Legend,All of Me,110,145,0.422,0.264,8,-7.064,1,0.0322,0.922,0,0.132,119.93,four,269560
TWICE,The Feels,57,16,0.808,0.903,9,-2.179,1,0.0729,0.0899,0,0.0816,120.044,four,198053
"Joel Corry, Jax Jones, Charli XCX, Saweetie",OUT OUT (feat. Charli XCX & Saweetie),42,21,0.787,0.833,8,-4.403,1,0.0478,0.018,0.00747,0.0374,123.97,four,162604
"Imagine Dragons, Arcane, League of Legends",Enemy - From the series Arcane League of Legends,171,3,0.722,0.745,7,-4.164,1,0.256,0.247,0,0.419,77.029,four,173381
Billie Eilish,Bored,51,16,0.614,0.318,7,-12.695,1,0.0478,0.896,0.00239,0.0795,119.959,four,180933
"J Balvin, Maria Becerra",Qué Más Pues?,9,34,0.903,0.817,8,-3.972,1,0.095,0.0272,0.000311,0.242,102.014,four,217360
Duncan Laurence,Arcade,23,52,0.453,0.35,9,-11.639,0,0.0425,0.827,0.00122,0.144,72.017,three,185147
Giveon,Heartbreak Anniversary,8,47,0.449,0.465,0,-8.964,1,0.0791,0.524,1.02E-06,0.303,89.087,three,198371
"Alesso, Katy Perry",When I’m Gone (with Katy Perry),135,3,0.685,0.886,0,-4.179,1,0.034,0.028,0,0.481,125.034,four,161267
"Baby Keem, Kendrick Lamar",family ties (with Kendrick Lamar),30,20,0.711,0.611,1,-5.453,1,0.33,0.00588,0,0.23,134.093,four,252262
Billie Eilish,Happier Than Ever - Edit,70,17,0.334,0.599,0,-5.742,1,0.0365,0.0468,0.000392,0.205,161.74,three,151444
Maroon 5,Memories,2,116,0.775,0.327,11,-7.241,1,0.0557,0.841,0,0.0821,91.05,four,189486
"Boza, Lunay, Lenny Tavárez, Juhn, Beéle",Ella - Remix,188,1,0.747,0.812,3,-4.274,0,0.111,0.341,0.000131,0.174,180.062,four,330478
Polo G,RAPSTAR,3,40,0.789,0.536,6,-6.862,1,0.242,0.41,0,0.129,81.039,four,165926
Taylor Swift,Enchanted,61,10,0.535,0.618,8,-3.913,1,0.0273,0.0716,0.000388,0.169,81.975,four,352200
Kep1er,WA DA DA,191,1,0.785,0.907,10,-2.657,1,0.0938,0.00122,3.11E-06,0.213,126.004,four,183693
"TINI, Maria Becerra",Miénteme,41,35,0.85,0.541,2,-4.522,1,0.0674,0.161,5.01E-06,0.286,92.003,four,165275
"Mari Fernandez, Marcynho Sensação",Parada Louca,107,3,0.693,0.936,7,-1.322,1,0.0524,0.302,0,0.339,166.034,four,179032
"Drake, Travis Scott",Fair Trade (with Travis Scott),3,19,0.666,0.465,1,-8.545,1,0.26,0.0503,0,0.215,167.937,four,291175
"Marshmello, Jonas Brothers",Leave Before You Love Me (with Jonas Brothers),52,30,0.721,0.738,7,-4.77,1,0.0403,0.00226,4.41E-06,0.118,119.976,four,154983
Travis Scott,goosebumps,13,226,0.841,0.728,7,-3.37,1,0.0484,0.0847,0,0.149,130.049,four,243837
"J Balvin, Ed Sheeran",Sigue,45,1,0.889,0.641,7,-4.494,1,0.0668,0.0515,2.75E-05,0.19,87.99,four,159387
Daddy Yankee,RUMBATÓN,58,1,0.685,0.909,3,-4.034,0,0.0396,0.0471,0,0.35,95.004,four,248769
Tate McRae,chaotic,83,1,0.412,0.382,2,-7.023,0,0.0497,0.59,0,0.0931,81.493,three,178721
"Machine Gun Kelly, blackbear",make up sex (feat. blackbear),91,1,0.665,0.678,5,-4.122,0,0.0315,0.00156,0,0.474,131.986,four,122570
Red Velvet,Feel My Rhythm,114,1,0.412,0.94,1,-2.171,1,0.215,0.0648,0,0.358,157.964,four,210253
Pharrell Williams,Just A Cloud Away,115,2,0.89,0.46,2,-8.155,1,0.0359,0.432,0,0.11,112.555,three,176078
Foo Fighters,Everlong,164,1,0.413,0.881,11,-5.541,0,0.0367,5.99E-05,0.000308,0.0805,158.066,four,250547
Daddy Yankee,REMIX,166,1,0.819,0.781,1,-4.879,1,0.0547,0.0323,0.0012,0.121,100.062,four,163680
"Machine Gun Kelly, WILLOW",emo girl (feat. WILLOW),111,2,0.412,0.881,2,-3.502,1,0.087,0.00039,5.82E-05,0.923,165.012,four,159096
Olivia Rodrigo,"jealousy, jealousy",17,29,0.695,0.575,10,-6.334,0,0.116,0.198,0,0.0614,163.929,four,173160
"Daddy Yankee, Sech",PARA SIEMPRE,193,1,0.794,0.828,8,-5.883,0,0.0756,0.0999,0,0.102,90.015,four,210333
Bruno Mars,Just the Way You Are,133,22,0.635,0.841,5,-5.379,1,0.0422,0.0134,0,0.0622,109.021,four,220734
Justin Bieber,Love Yourself,62,50,0.609,0.378,4,-9.828,1,0.438,0.835,0,0.28,100.418,four,233720
Harry Styles,Daylight,10,2,0.686,0.445,0,-7.189,1,0.0398,0.484,0.00144,0.175,145.5,three,164533
Harry Styles,Little Freak,8,2,0.559,0.535,3,-7.723,1,0.039,0.719,0.000143,0.0954,141.96,four,202183
"Kanye West, XXXTENTACION",True Love,24,1,0.712,0.861,5,-5.487,0,0.25,0.0182,6.09E-06,0.511,84.042,four,148571
Harry Styles,Grapejuice,11,2,0.645,0.721,5,-4.394,1,0.0336,0.357,0.143,0.204,182.928,four,191959
Harry Styles,Satellite,14,2,0.576,0.457,0,-6.473,1,0.0304,0.143,3.05E-05,0.0917,138.984,four,218577
Kendrick Lamar,N95,3,3,0.79,0.67,1,-5.527,1,0.105,0.377,2.32E-06,0.119,139.956,four,195950
Harry Styles,Love Of My Life,15,2,0.555,0.536,7,-8.233,1,0.0452,0.669,0,0.0623,118.057,four,191638
Harry Styles,Cinema,13,2,0.829,0.644,9,-7.696,0,0.0427,0.354,0.0511,0.0944,105.993,four,243508
Harry Styles,Daydreaming,16,2,0.707,0.811,4,-5.298,0,0.0304,0.311,0.0152,0.131,113.971,four,187342
Harry Styles,Keep Driving,19,2,0.721,0.479,9,-9.669,1,0.226,0.321,0.00156,0.182,164.948,three,140242
"Kendrick Lamar, Blxst, Amanda Reifer",Die Hard,8,3,0.775,0.736,1,-8.072,0,0.247,0.319,0.00116,0.127,100.988,four,239027
Harry Styles,Boyfriends,22,2,0.417,0.202,0,-10.976,1,0.0357,0.935,0,0.108,118.029,four,194544
Jovem Dionisio,ACORDA PEDRINHO,77,2,0.876,0.359,11,-11.169,0,0.341,0.187,1.71E-06,0.666,124.016,four,173085
Bad Bunny,Un Verano Sin Ti,20,4,0.503,0.496,5,-9.123,0,0.0556,0.693,0,0.123,187.844,four,148143
Bad Bunny,Enséñame a Bailar,27,4,0.81,0.789,8,-5.08,1,0.0846,0.191,1.08E-05,0.467,105.009,four,176000
"Sleepy Hallow, 347aidan",Die Young (feat. 347aidan),97,1,0.808,0.582,11,-6.26,1,0.338,0.827,0,0.111,77.471,four,148817
The Kid LAROI,Thousand Miles,18,6,0.376,0.657,7,-4.658,1,0.0768,0.0858,0,0.0884,80.565,four,164782
Bad Bunny,El Apagón,28,4,0.629,0.698,8,-4.485,1,0.308,0.0509,0.00166,0.0909,117.765,four,201816
Måneskin,SUPERMODEL,89,3,0.636,0.876,7,-3.413,1,0.0555,0.00164,0,0.117,120.983,four,148064
Bad Bunny,Agosto,30,4,0.849,0.584,1,-8.195,0,0.115,0.0929,6.18E-06,0.492,115.018,four,139041
"Jax Jones, MNEK",Where Did You Go? (feat. MNEK),116,7,0.763,0.782,7,-4.541,0,0.0346,0.182,7.08E-06,0.293,127.034,four,177689
The Goo Goo Dolls,Iris,124,5,0.315,0.715,11,-8.072,0,0.0362,0.00125,7.97E-06,0.0942,155.925,three,289533
"PSY, SUGA",That That (prod. & feat. SUGA of BTS),21,5,0.905,0.962,4,-3.197,1,0.0856,0.0299,0,0.0272,129.969,four,174647
Kendrick Lamar,Rich Spirit,17,3,0.852,0.421,10,-9.153,0,0.208,0.428,2.28E-06,0.106,95.977,four,202285
Jack Harlow,Dua Lipa,37,4,0.833,0.652,11,-6.942,1,0.0762,0.00161,0.0985,0.106,158.022,four,135053
Future,PUFFIN ON ZOOTIEZ,40,5,0.883,0.657,8,-5.748,1,0.305,0.0603,0,0.128,124.992,four,172933
Victor Cibrian,En El Radio Un Cochinero,148,1,0.696,0.623,6,-8.738,0,0.0438,0.466,8.61E-06,0.0983,154.028,three,223431
"Mora, Sech",TUS LÁGRIMAS,93,6,0.683,0.714,1,-4.898,1,0.252,0.181,1.00E-06,0.111,173.963,four,174483
"Morat, Duki",París,130,2,0.582,0.804,11,-4.155,1,0.0389,0.0493,0,0.0624,138.014,four,182188
Harry Styles,Adore You,6,104,0.676,0.771,8,-3.675,1,0.0483,0.0237,7.00E-06,0.102,99.048,four,207133
LE SSERAFIM,FEARLESS,149,4,0.863,0.62,7,-7.167,1,0.135,0.0508,0.00324,0.129,103.971,four,168437
Leah Kate,10 Things I Hate About You,117,6,0.544,0.786,8,-2.97,1,0.0501,0.00991,0,0.169,153.967,four,157138
IVE,LOVE DIVE,51,8,0.703,0.709,1,-4.169,0,0.0433,0.00379,5.43E-05,0.333,117.941,four,177187
"Matheus Fernandes, Xand Avião",Balanço da Rede,171,2,0.764,0.796,6,-4.611,0,0.033,0.193,0,0.0853,140.072,four,166436
Kevin Kaarl,San Lucas,149,5,0.577,0.363,7,-12.378,1,0.0263,0.86,0.000282,0.0868,91.511,four,247197
"Kendrick Lamar, Kodak Black",Silent Hill,21,3,0.907,0.577,1,-6.737,0,0.0767,0.438,3.19E-05,0.137,140.07,four,220779
Kendrick Lamar,United In Grief,11,3,0.529,0.845,8,-8.142,1,0.404,0.244,0,0.143,85.63,three,255378
Luciano,Beautiful Girl,59,5,0.839,0.412,11,-8.816,0,0.0935,0.287,0.000796,0.101,139.901,four,179187
Jessi,ZOOM,89,6,0.874,0.6,6,-6.064,1,0.158,0.00942,0,0.126,100.012,four,174840
Shawn Mendes,When You're Gone,21,9,0.603,0.691,5,-5.805,1,0.0372,0.0248,0,0.583,147.148,four,172267
BTS,Run BTS,11,1,0.724,0.818,8,-3.747,1,0.168,0.0201,0,0.0358,77.004,four,204940
BTS,For Youth,30,1,0.633,0.511,2,-5.665,1,0.0368,0.434,0,0.248,116.855,three,264481
BTS,Born Singer,43,1,0.602,0.841,8,-3.334,0,0.109,0.0354,0,0.235,157.937,four,238628
"Pharrell Williams, 21 Savage, Tyler, The Creator",Cash In Cash Out,53,1,0.877,0.56,7,-3.751,1,0.0596,0.00721,1.45E-06,0.0839,119.971,four,216136
Musical Youth,Pass The Dutchie,85,2,0.805,0.418,7,-14.374,1,0.0979,0.459,0,0.288,149.724,four,205427
Halsey,So Good,95,1,0.576,0.627,3,-4.649,0,0.0449,0.0385,0,0.181,164.998,four,176059
"Tiago PZK, Ozuna",Nos Comemos (feat. Ozuna),140,2,0.827,0.819,6,-3.701,1,0.052,0.1,0,0.089,92.017,four,191087
Childish Gambino,Me and Your Mama,158,2,0.554,0.433,5,-12.628,1,0.0341,0.0116,0.0449,0.0667,117.996,three,379227
Duki,Antes de Perderte,173,1,0.812,0.925,5,-3.092,0,0.113,0.487,0,0.115,110.031,four,176727
Sidhu Moose Wala,295,141,2,0.557,0.794,11,-5.698,0,0.2,0.179,0,0.106,91.366,four,270000
"BTS, Halsey",Boy With Luv (feat. Halsey),3,46,0.645,0.862,11,-4.761,0,0.0845,0.0933,0,0.193,119.947,four,229773
Joji,SLOW DANCING IN THE DARK,75,36,0.515,0.479,3,-7.458,1,0.0261,0.544,0.00598,0.191,88.964,four,209274
Lil Tjay,In My Head,30,1,0.684,0.545,1,-6.885,1,0.121,0.159,0,0.102,143.049,four,135264
"Ak4:20, Pailita, Cris Mj",Me Arrepentí,80,1,0.861,0.786,0,-4.934,1,0.164,0.289,0,0.601,92.031,four,232000
"Duki, De La Ghetto, Quevedo",Si Quieren Frontear,113,1,0.789,0.837,10,-3.247,1,0.23,0.125,0,0.209,81.536,four,200337
Harry Styles,Falling,29,81,0.567,0.267,4,-6.502,1,0.0299,0.839,1.46E-06,0.089,110.011,four,240133
"Kehlani, Justin Bieber",up at night (feat. justin bieber),131,1,0.563,0.756,0,-3.852,0,0.0579,0.196,0,0.245,100.012,four,182227
Harry Styles,Golden,44,34,0.448,0.838,4,-5.257,0,0.0557,0.21,0.000131,0.131,139.863,four,208907
Teto,Fim de Semana no Rio,139,1,0.867,0.494,1,-6.514,0,0.084,0.118,0,0.101,118.868,four,165882
BIGBANG,Still Life,148,1,0.68,0.584,8,-4.457,1,0.034,0.443,0,0.0628,118.06,four,188369
Bruno Mars,When I Was Your Man,181,2,0.601,0.271,0,-8.688,1,0.0403,0.937,0,0.144,145.494,four,213827
Harry Styles,Sign of the Times,14,39,0.516,0.595,5,-4.63,1,0.0313,0.0275,0,0.109,119.972,four,340707
Lord Huron,The Night We Met,55,29,0.544,0.369,2,-9.514,1,0.038,0.969,0.279,0.639,87.01,three,208212
"Tyler, The Creator, Kali Uchis",See You Again (feat. Kali Uchis),144,2,0.558,0.559,6,-9.222,1,0.0959,0.371,7.49E-06,0.109,78.558,four,180387
"Chefin, Mainstreet",212,89,1,0.789,0.519,2,-4.84,0,0.0697,0.659,0,0.085,154.037,four,150610
Lana Del Rey,Watercolor Eyes - From “Euphoria” An HBO Original Series,90,1,0.444,0.26,7,-10.045,1,0.0316,0.964,0.0815,0.125,120.443,four,211613
Muni Long,Hrs & Hrs,119,1,0.511,0.525,8,-4.595,0,0.183,0.604,0,0.111,139.885,three,204317
"Labrinth, Zendaya",All For Us - from the HBO Original Series Euphoria,108,3,0.348,0.652,3,-7.145,1,0.0931,0.0165,0.000264,0.33,70.956,four,192987
Chase Atlantic,Swim,134,1,0.666,0.542,8,-6.429,1,0.0392,0.27,0,0.0765,120.134,four,228787
Stephanie Beatriz,Waiting On A Miracle,155,1,0.48,0.554,1,-8.145,0,0.069,0.171,0,0.131,190.066,three,161840
"Alvaro Diaz, Rauw Alejandro",Problemón,158,1,0.706,0.739,10,-3.753,1,0.0586,0.266,2.62E-05,0.126,91.906,four,192613
V,Christmas Tree,100,2,0.437,0.384,5,-8.384,1,0.042,0.699,2.33E-05,0.121,139.009,four,209947
XXXTENTACION,Jocelyn Flores,7,216,0.872,0.391,0,-9.144,0,0.242,0.469,4.13E-06,0.297,134.021,four,119133
Paulo Londra,Chance,56,1,0.721,0.463,1,-9.483,0,0.0646,0.241,0,0.0929,137.915,three,204003
"Camila Cabello, WILLOW",psychofreak (feat. WILLOW),71,1,0.629,0.64,7,-7.638,0,0.0752,0.342,1.17E-05,0.0928,179.989,four,201495
"Matuê, WIU, Teto",Vampiro,82,1,0.782,0.643,8,-4.956,0,0.0438,0.0136,0,0.0654,114.994,four,250435
Lil Baby,Right On,103,1,0.535,0.618,2,-5.668,1,0.382,0.0245,0,0.103,165.991,four,213976
Charlie Puth,That's Hilarious,112,1,0.714,0.442,6,-5.909,1,0.0605,0.742,0,0.114,108.039,four,146855
Felipe Amorim,No Ouvidinho,154,1,0.885,0.834,3,-3.374,1,0.0394,0.403,3.22E-05,0.0865,124.018,four,183871
"Daft Punk, Pharrell Williams, Nile Rodgers",Get Lucky (feat. Pharrell Williams & Nile Rodgers) - Radio Edit,167,1,0.794,0.811,6,-8.966,0,0.038,0.0426,1.07E-06,0.101,116.047,four,248413
"Bizarrap, Paulo Londra","Paulo Londra: Bzrp Music Sessions, Vol. 23",19,1,0.456,0.91,0,-2.659,1,0.136,0.256,0,0.0921,95.927,four,258542
"Jimin, HA SUNG WOON",With you,32,1,0.532,0.426,3,-6.117,1,0.0288,0.639,0,0.134,149.898,three,201905
Lauren Spencer Smith,Flowers,72,2,0.684,0.449,3,-9.738,1,0.611,0.869,0,0.0881,66.165,four,157373
cakal,İmdat,97,1,0.786,0.748,4,-7.568,0,0.162,0.267,3.76E-06,0.0729,133.967,four,136120
"t-low, Miksu / Macloud",We Made It,99,1,0.782,0.711,5,-5.383,0,0.0558,0.585,8.26E-06,0.26,116.049,four,211827
"Ed Sheeran, Lil Baby",2step (feat. Lil Baby),131,1,0.693,0.643,4,-5.867,0,0.0828,0.138,0,0.108,95.055,four,163450
Ed Sheeran,Photograph,41,154,0.614,0.379,4,-10.48,1,0.0476,0.607,0.000464,0.0986,107.989,four,258987
"Southside, Future, Travis Scott",Hold That Heat (feat. Travis Scott),196,1,0.744,0.608,2,-6.386,1,0.0442,0.0295,0,0.397,130.045,four,221538
"Kendrick Lamar, Sampha",Father Time (feat. Sampha),14,2,0.514,0.779,10,-4.365,0,0.344,0.181,0,0.099,152.869,four,222497
Kendrick Lamar,Count Me Out,24,2,0.776,0.431,4,-7.544,0,0.091,0.671,0,0.153,133.999,four,283642
Morgan Wallen,You Proof,91,2,0.731,0.85,9,-4.913,1,0.0336,0.252,0,0.605,119.706,four,157478
"Alonzo, Ninho, Naps",TOUT VA BIEN (feat. Ninho & Naps),183,1,0.66,0.72,3,-5.874,0,0.0753,0.301,0,0.226,99.937,four,192960
"Justin Bieber, Don Toliver",Honest (feat. Don Toliver),29,4,0.81,0.655,8,-6.779,0,0.0698,0.127,8.16E-05,0.105,150.002,four,193322
"Kendrick Lamar, Taylour Paige",We Cry Together,22,2,0.648,0.68,11,-7.276,1,0.345,0.292,0,0.0808,106.89,three,341307
Kendrick Lamar,Worldwide Steppers,20,1,0.514,0.472,8,-11.106,0,0.368,0.753,0.00012,0.0746,77.215,three,203367
"Kendrick Lamar, Summer Walker, Ghostface Killah",Purple Hearts,27,1,0.567,0.824,3,-6.973,0,0.296,0.167,2.65E-06,0.149,138.202,four,329295
Kendrick Lamar,Rich - Interlude,41,1,0.481,0.406,7,-11.52,1,0.0775,0.864,0.000315,0.0869,91.589,four,103319
"Kendrick Lamar, Tanna Leone",Mr. Morale,53,1,0.727,0.53,9,-8.616,1,0.312,0.283,2.76E-05,0.392,174.025,three,210841
Kendrick Lamar,Crown,54,1,0.355,0.245,1,-13.475,0,0.0358,0.801,9.11E-05,0.112,173.329,four,264299
Kendrick Lamar,Savior - Interlude,73,1,0.618,0.43,5,-9.38,0,0.216,0.807,0,0.189,117.125,four,152986
Kendrick Lamar,Mirror,76,1,0.652,0.67,2,-8.766,1,0.0639,0.225,1.40E-05,0.0804,91.933,four,256008
"Kendrick Lamar, Beth Gibbons",Mother I Sober (feat. Beth Gibbons of Portishead),79,1,0.492,0.369,8,-14.861,0,0.329,0.87,2.85E-05,0.11,140.012,four,406528
KALUSH,Stefania (Kalush Orchestra),109,1,0.832,0.817,2,-5.182,1,0.0422,0.145,0.00169,0.115,104.985,four,179546
Kendrick Lamar,The Heart Part 5,44,2,0.7,0.812,1,-8.128,0,0.297,0.183,0,0.0756,97.405,four,332229
"Jack Harlow, Drake",Churchill Downs (feat. Drake),57,2,0.71,0.522,11,-9.102,1,0.36,0.615,0,0.11,96.448,four,309327
My Chemical Romance,The Foundations of Decay,140,1,0.363,0.67,1,-6.652,0,0.0552,0.000582,0.548,0.317,150.15,four,360760
Taylor Swift,This Love (Taylor’s Version),50,2,0.47,0.494,4,-8.672,1,0.0349,0.302,0,0.0672,144.039,four,250100
Chanel,SloMo,179,1,0.728,0.814,1,-3.29,0,0.0571,0.125,0.00448,0.0927,104.962,four,176286
Sam Ryder,SPACE MAN,186,1,0.467,0.828,11,-2.22,1,0.0489,0.181,0,0.102,79.978,four,217320
"Kendrick Lamar, Jay Rock",Money Trees,143,8,0.716,0.531,7,-7.355,1,0.122,0.0703,0,0.224,71.994,four,386907
"Mahmood, BLANCO",Brividi,9,2,0.523,0.614,7,-4.435,1,0.0347,0.448,0,0.254,122.962,four,199146
Juice WRLD,Cigarettes,27,1,0.597,0.615,2,-6.346,1,0.0421,0.0303,0,0.378,160.014,four,227527
Yung Lean,Ginseng Strip 2002,44,2,0.601,0.712,1,-9.433,1,0.0431,0.0848,0,0.479,114.998,four,154000
"Nicki Minaj, Lil Baby",Do We Have A Problem?,48,1,0.842,0.505,1,-8.627,0,0.402,0.472,0.000322,0.117,119.993,four,207065
Red Hot Chili Peppers,Black Summer,79,1,0.417,0.682,1,-5.071,1,0.0295,0.0267,0.000669,0.109,105.542,four,232412
Irama,Ovunque Sarai,112,1,0.359,0.434,0,-6.068,1,0.0305,0.582,0,0.205,79.133,four,200429
Vundabar,Alien Blues,118,4,0.467,0.757,3,-5.093,1,0.033,0.0807,0.908,0.0876,82.282,four,155933
"King Von, 21 Savage",Don't Play That,144,1,0.947,0.605,10,-8.621,0,0.346,0.0748,7.54E-06,0.0901,129.988,four,133613
The Chainsmokers,High,70,2,0.601,0.787,0,-6.178,1,0.031,0.0492,0,0.142,134.981,four,175163
La rappresentante di lista,Ciao Ciao,151,1,0.747,0.819,4,-4.602,0,0.134,0.125,2.61E-06,0.331,117.994,four,184311
ENHYPEN,Polaroid Love,158,2,0.738,0.67,7,-3.766,0,0.0439,0.458,0,0.361,138.055,four,184602
Rkomi,INSUPERABILE,180,1,0.667,0.848,4,-5.195,0,0.0851,0.0344,0,0.183,122.035,four,172462
sangiovanni,farfalle,181,1,0.733,0.784,3,-5.211,1,0.0606,0.0927,0,0.195,120.016,four,164000
Labrinth,When I R.I.P.,192,1,0.417,0.551,8,-6.456,0,0.174,0.73,0.00166,0.0907,87.614,four,174568
j-hope,Arson,37,1,0.938,0.798,1,-3.998,1,0.103,0.00813,7.03E-05,0.146,99.992,four,159762
j-hope,MORE,22,3,0.783,0.722,2,-4.864,1,0.0357,0.00537,0.00209,0.105,97.031,four,180022
"DJ Robin, Schürze",Layla,61,3,0.442,0.922,5,-2.918,0,0.0695,0.00134,0,0.432,140.082,four,185437
"Calvin Harris, Justin Timberlake, Halsey, Pharrell Williams","Stay With Me (with Justin Timberlake, Halsey, & Pharrell)",86,1,0.81,0.733,9,-6.338,1,0.0444,0.276,6.73E-06,0.288,125.975,four,229283
Drake,Sticky,17,5,0.853,0.495,6,-14.63,1,0.14,0.0917,0.000217,0.0844,137.027,four,243228
Lizzo,2 Be Loved (Am I Ready),167,1,0.721,0.769,7,-4.111,1,0.105,0.0922,0,0.0817,155.932,four,187108
"MC Tairon, Mc Vitin Da Igrejinha, Dj Win",Baile no Morro,154,3,0.714,0.404,3,-7.903,0,0.453,0.457,0,0.0701,130.088,four,140308
"Zé Felipe, MC Mari",Bandido,125,4,0.882,0.721,11,-2.851,0,0.0512,0.0958,0,0.0989,120.018,four,132045
"Sofía Reyes, Jason Derulo, De La Ghetto","1, 2, 3 (feat. Jason Derulo & De La Ghetto)",31,36,0.792,0.895,1,-3.112,0,0.0587,0.165,0,0.0501,94.968,four,201526
"thasup, Lazza, Sfera Ebbasta",s!r! (feat. Lazza & Sfera Ebbasta),185,1,0.675,0.739,6,-4.603,0,0.0524,0.387,0,0.177,149.959,four,237701
"TINI, Becky G, Anitta",La Loto,157,2,0.855,0.83,1,-2.815,1,0.106,0.0783,1.31E-06,0.08,90.009,four,190667
Nessa Barrett,die first,194,1,0.444,0.669,8,-6.727,0,0.125,0.0669,0,0.124,183.441,four,177109
Jung Kook,Stay Alive (Prod. SUGA of BTS),10,1,0.512,0.76,2,-5.889,0,0.0682,0.299,0,0.103,130.096,four,210928
"Ed Sheeran, Taylor Swift",The Joker And The Queen (feat. Taylor Swift),20,1,0.528,0.309,0,-7.398,1,0.0329,0.924,2.10E-06,0.282,133.83,four,185422
"Fivio Foreign, Kanye West, Alicia Keys",City of Gods,57,1,0.474,0.801,8,-5.978,0,0.375,0.102,0,0.322,147.356,four,256000
"Dr. Dre, Snoop Dogg",The Next Episode,86,1,0.922,0.909,10,-2.429,0,0.27,0.0281,0,0.0856,95.295,four,161507
"Nicki Minaj, Lil Baby",Bussin,122,1,0.893,0.699,11,-8.059,1,0.0517,0.0576,3.02E-06,0.128,139.972,four,136761
Kendrick Lamar,HUMBLE.,1,96,0.908,0.621,1,-6.638,0,0.102,0.000282,5.39E-05,0.0958,150.011,four,177000
Labrinth,Forever,185,1,0.563,0.459,4,-7.781,0,0.0292,0.92,0.724,0.11,79.983,four,202536
Future,Worst Day,192,1,0.646,0.597,1,-6.045,1,0.401,0.11,0,0.0958,88.506,four,184893
"Tyler, The Creator",NEW MAGIC WAND,54,3,0.621,0.73,5,-5.414,0,0.107,0.0967,0.000131,0.673,139.566,four,195320
Bad Bunny,Si Estuviésemos Juntos,197,1,0.672,0.594,1,-6.813,0,0.0789,0.0626,5.14E-05,0.152,171.854,four,169248
Anitta,Boys Don't Cry,107,1,0.589,0.842,5,-4.86,1,0.0372,0.00178,0,0.113,164.163,four,136012
XXXTENTACION,vice city,181,1,0.853,0.467,9,-6.843,0,0.195,0.00596,0.00171,0.203,87.023,four,220709
SiM,The Rumbling (TV Size),192,1,0.408,0.875,8,-1.536,1,0.0546,1.68E-05,0.000101,0.264,144.975,four,90266
Taylor Swift,Wildest Dreams (Taylor's Version),29,11,0.583,0.67,8,-7.289,1,0.0646,0.0374,0.0001,0.126,140.061,four,220433
Morgan Wallen,Thought You Should Know,123,1,0.529,0.695,6,-6.174,1,0.0278,0.488,1.24E-05,0.142,139.993,four,215572
"Future, Drake",I'M ON ONE (feat. Drake),48,2,0.773,0.707,11,-5.71,1,0.0568,0.0103,1.04E-05,0.296,76.977,four,236187
A$AP Rocky,D.M.B.,159,1,0.727,0.616,8,-8.487,1,0.338,0.542,4.47E-06,0.482,140.014,four,291612
Jack Harlow,I'd Do Anything To Make You Smile,187,1,0.832,0.522,2,-7.244,1,0.05,0.012,0.079,0.377,150.044,four,193765
Future,712PM,61,1,0.711,0.686,5,-6.409,0,0.271,0.0355,0,0.124,146.971,four,173187
"Future, Kanye West",KEEP IT BURNIN (feat. Kanye West),85,1,0.652,0.578,0,-6.187,1,0.161,0.00861,0,0.285,87.395,four,207213
Future,I'M DAT N****,86,1,0.911,0.573,2,-5.573,1,0.163,0.0112,5.83E-05,0.131,144.026,four,271840
Future,LOVE YOU BETTER,131,1,0.709,0.357,5,-9.289,1,0.214,0.478,0.000294,0.112,75.494,four,129480
"Future, Gunna, Young Thug",FOR A NUT (feat. Gunna & Young Thug),139,1,0.824,0.667,10,-6.603,0,0.0814,0.00321,2.65E-06,0.0956,82.037,four,207933
Future,MASSAGING ME,180,1,0.916,0.453,1,-4.148,1,0.158,0.000189,0,0.137,145.007,four,106133
Future,GOLD STACKS,190,1,0.763,0.526,5,-6.753,0,0.355,0.00937,2.25E-06,0.111,181.856,four,162333
"Russ, Ed Sheeran",Are You Entertained (feat. Ed Sheeran),60,1,0.587,0.61,10,-6.881,0,0.234,0.0402,0,0.167,130.063,four,156083
"Mac Miller, The Temper Trap",Love Lost,175,1,0.735,0.812,2,-4.417,1,0.151,0.528,0,0.186,109.835,four,162876
Marília Mendonça,Te Amo Demais,177,1,0.713,0.625,0,-3.473,1,0.0268,0.573,0,0.11,114.023,four,205685
"Cardi B, Kanye West, Lil Durk",Hot Shit (feat. Ye & Lil Durk),54,2,0.878,0.685,9,-5.28,1,0.225,0.00152,0,0.0753,157.003,four,211649
Brent Faiyaz,LOOSE CHANGE,178,1,0.574,0.369,1,-8.931,0,0.0814,0.753,0,0.147,84.975,four,226011
Brent Faiyaz,ALL MINE,188,1,0.617,0.378,9,-8.54,1,0.0315,0.428,9.16E-05,0.11,141.967,four,216063
"Fivio Foreign, The Kid LAROI",Paris to Tokyo,198,1,0.642,0.787,5,-6.389,0,0.17,0.0185,0,0.288,146.733,four,130897
"Tiësto, Charli XCX",Hot In It,150,1,0.748,0.841,7,-5.08,1,0.177,0.00445,1.33E-06,0.0413,123.045,four,129817
Imagine Dragons,Sharks,111,2,0.927,0.642,10,-4.466,0,0.0657,0.00791,3.62E-05,0.279,123.969,four,190883
Post Malone,Wrapped Around Your Finger,69,1,0.744,0.628,2,-5.435,1,0.0287,0.0493,0,0.317,119.966,four,193565
Post Malone,Lemon Tree,71,1,0.611,0.584,11,-6.897,0,0.0301,0.083,0,0.432,116.106,four,243486
Post Malone,Reputation,74,1,0.314,0.439,2,-5.726,1,0.0311,0.671,0,0.181,180.119,four,248178
"Post Malone, The Kid LAROI",Wasting Angels (with The Kid LAROI),75,1,0.583,0.43,9,-7.748,1,0.0353,0.801,0,0.0867,84.967,four,243158
"Post Malone, Gunna",I Cannot Be (A Sadder Song) (with Gunna),86,1,0.517,0.668,1,-6.012,1,0.116,0.0712,0,0.407,79.782,four,169824
Post Malone,Insane,97,1,0.645,0.671,10,-7.208,0,0.0459,0.0597,8.00E-06,0.11,82.546,four,169661
"Post Malone, Fleet Foxes",Love/Hate Letter To Alcohol (with Fleet Foxes),115,1,0.475,0.569,4,-7.073,0,0.0343,0.037,0.00129,0.232,108.007,four,183816
Polo G,Distraction,121,1,0.713,0.689,11,-5.99,1,0.255,0.16,0,0.136,156.934,four,171319
Post Malone,When I’m Alone,177,1,0.485,0.656,10,-6.121,0,0.0528,0.0346,0,0.155,140.107,four,195111
Post Malone,Euthanasia,191,1,0.301,0.303,4,-12.39,1,0.0458,0.177,0.031,0.0979,141.997,four,145796
Nicki Minaj,Super Freaky Girl,16,1,0.95,0.891,2,-2.653,1,0.241,0.0645,1.77E-05,0.309,133.01,four,170977
Luar La L,Caile,75,1,0.704,0.756,0,-4.948,1,0.448,0.298,3.75E-06,0.0852,121.737,three,141340
"Rauw Alejandro, Lyanno, Brray",LOKERA,95,1,0.834,0.828,11,-2.657,0,0.0452,0.21,5.91E-06,0.103,102.019,four,195294
Ghost,Mary On A Cross,135,1,0.466,0.9,11,-4.469,1,0.0447,0.000235,0.00104,0.103,130.02,four,244804
NewJeans,Attention,137,1,0.811,0.648,10,-3.684,0,0.0368,0.236,0,0.0761,104.988,four,180067
Kordhell,Murder In My Mind,163,1,0.712,0.972,10,-0.514,1,0.112,0.00547,7.06E-05,0.128,119.966,four,145000
NewJeans,Hype Boy,171,1,0.593,0.935,4,-3.43,0,0.225,0.268,0,0.286,99.976,four,179027
"La Adictiva Banda San José de Mesillas, Luis R Conriquez",JGL,173,1,0.702,0.586,8,-5.317,1,0.118,0.55,0,0.27,112.852,four,158093
Beach Weather,"Sex, Drugs, Etc.",175,1,0.572,0.839,4,-5.083,0,0.0377,0.013,0.00976,0.522,143.969,four,196784
"Black Eyed Peas, Shakira, David Guetta",DON'T YOU WORRY,189,1,0.816,0.874,11,-4.822,1,0.0308,0.201,0,0.209,131.967,four,196364
"Omah Lay, Justin Bieber",attention,104,1,0.817,0.72,5,-8.134,0,0.0809,0.172,0.000726,0.109,119.989,four,180563
"Machine Gun Kelly, Lil Wayne",ay! (feat. Lil Wayne),114,1,0.741,0.616,2,-6.686,1,0.034,0.052,5.86E-05,0.0705,147.008,four,124188
"Dominic Fike, Zendaya","Elliot's Song - From ""Euphoria"" An HBO Original Series",130,1,0.394,0.327,4,-14.291,1,0.114,0.849,0,0.125,93.358,four,150320
"Miksu / Macloud, t-low",Sehnsucht,200,1,0.804,0.645,6,-7.069,0,0.0773,0.642,0,0.173,142.09,four,152827
Drake,Falling Back,10,1,0.718,0.758,10,-8.29,1,0.0703,0.238,0.00653,0.11,118.989,four,266179
Drake,Texts Go Green,25,1,0.765,0.627,0,-4.607,1,0.0622,0.000916,0.195,0.0847,118.997,four,308820
Drake,A Keeper,28,1,0.6,0.482,1,-11.596,1,0.0701,0.512,0.000104,0.115,121.909,four,173097
Drake,Calling My Name,30,1,0.826,0.276,11,-11.227,0,0.266,0.62,8.53E-05,0.118,123.985,four,129965
Drake,Currents,38,1,0.883,0.283,0,-12.653,1,0.113,0.104,0.00167,0.0935,122.013,four,157390
Drake,Flight's Booked,49,1,0.593,0.41,3,-13.097,0,0.0531,0.886,0.0993,0.115,122.584,four,254407
Drake,Intro,61,1,0.193,0.0218,0,-31.16,0,0.0389,0.955,0.88,0.117,125.501,three,36935
Drake,Overdrive,68,1,0.502,0.645,2,-10.611,0,0.122,0.444,0.00964,0.107,109.739,four,202451
Drake,Tie That Binds,87,1,0.775,0.688,4,-10.912,0,0.0593,0.0176,0.0917,0.108,120.017,four,336005
Drake,Down Hill,89,1,0.718,0.319,3,-11.261,1,0.0435,0.965,0.00036,0.0895,109.994,four,250865
Drake,Liability,96,1,0.557,0.706,0,-6.592,1,0.0649,0.268,0,0.132,105.013,four,237933
Luke Combs,The Kind of Love We Make,194,1,0.608,0.745,1,-4.13,1,0.0277,0.0226,6.47E-06,0.0942,102.025,four,224427
MC Rogerinho,Botadinha Saliente,105,1,0.985,0.698,0,-2.531,1,0.0341,0.142,0,0.321,119.959,four,158000
"Dj Guuga, Wesley Safadão, Zé Felipe",Depende,129,1,0.886,0.909,2,-1.84,0,0.0642,0.125,0,0.0755,130.027,four,156923
"The Chainsmokers, Halsey",Closer,2,179,0.748,0.524,8,-5.599,1,0.0338,0.414,0,0.111,95.01,four,244960
BTS,Permission to Dance,5,26,0.702,0.741,9,-5.33,1,0.0427,0.00544,0,0.337,124.925,four,187585
The Weeknd,Dawn FM,27,1,0.28,0.478,9,-8.755,0,0.037,0.674,5.85E-05,0.483,111.65,four,96240
"The Weeknd, Lil Wayne",I Heard You’re Married (feat. Lil Wayne),28,1,0.736,0.848,9,-5.494,0,0.171,0.103,0,0.299,109.946,four,263642
The Weeknd,Starry Eyes,35,1,0.309,0.418,9,-8.622,0,0.031,0.465,7.58E-05,0.295,134.23,four,148000
The Weeknd,A Tale By Quincy,54,1,0.447,0.513,5,-8.67,0,0.127,0.679,2.98E-05,0.096,67.289,three,96232
The Weeknd,Don’t Break My Heart,55,1,0.767,0.618,10,-7.163,1,0.032,0.31,0,0.179,121.959,four,205469
The Weeknd,Every Angel is Terrifying,62,1,0.447,0.959,0,-5.59,1,0.348,0.109,2.75E-05,0.0498,118.167,four,167256
The Weeknd,Phantom Regret by Jim,92,1,0.394,0.519,9,-11.042,0,0.0465,0.75,0.195,0.129,110.113,four,179580
"Gunna, 21 Savage",thought i was playing,94,1,0.679,0.73,1,-7.483,1,0.0689,0.00421,0,0.0736,148.038,four,167840
David Kushner,Miserable Man,135,1,0.632,0.349,10,-10.289,1,0.0346,0.926,7.50E-05,0.294,109.981,four,232992
"Gunna, Lil Baby",25k jacket (feat. Lil Baby),141,1,0.903,0.537,5,-6.854,0,0.283,0.16,0,0.129,115.013,four,120000
Gunna,alotta cake,146,1,0.895,0.543,11,-6.766,0,0.298,0.181,0,0.12,120.078,four,193987
"Gunna, Young Thug",mop (feat. Young Thug),160,1,0.878,0.575,9,-8.732,1,0.284,0.00293,0,0.273,144.918,four,185213
The Weeknd,Take My Breath - Single Version,7,21,0.747,0.739,8,-6.008,1,0.0487,0.0106,2.22E-05,0.101,120.996,four,220196
"TINI, L-Gante",Bar,99,9,0.523,0.691,1,-3.802,1,0.0833,0.133,0,0.327,94.148,four,160213
SALES,Pope Is a Rockstar,108,5,0.725,0.446,4,-8.958,0,0.0287,0.85,0.243,0.107,90.024,four,187333
Morgan Wallen,Don't Think Jesus,96,1,0.578,0.431,2,-7.034,1,0.0269,0.469,0,0.137,116.979,three,226975
"Lil Nas X, YoungBoy Never Broke Again",Late To Da Party (F*CK BET) (feat. YoungBoy Never Broke Again),86,1,0.872,0.422,1,-7.415,0,0.363,0.0254,0,0.109,149.956,four,180666
"Eminem, Snoop Dogg",From The D 2 The LBC (with Snoop Dogg),135,1,0.73,0.785,9,-7.986,0,0.243,0.105,0,0.0445,82.037,four,215120
Taylor Swift,Carolina - From The Motion Picture “Where The Crawdads Sing”,152,1,0.476,0.189,11,-13.777,0,0.0329,0.904,4.52E-06,0.254,115.851,four,264439
